week,ALEXANDER: NDVI,ARMSTRONG: NDVI,BIFROST-RIVERTON: NDVI,BOISSEVAIN-MORTON: NDVI,BRENDA-WASKADA: NDVI,CARTWRIGHT-ROBLIN: NDVI,CLANWILLIAM-ERICKSON: NDVI,DAUPHIN: NDVI,ELLICE-ARCHIE: NDVI,FISHER: NDVI,GILBERT PLAINS: NDVI,GIMLI: NDVI,GLENBORO-SOUTH CYPRESS: NDVI,GRANDVIEW: NDVI,HAMIOTA: NDVI,HILLSBURG-ROBLIN-SHELL RIVER: NDVI,KELSEY: NDVI,LA BROQUERIE: NDVI,MCCREARY: NDVI,MORRIS: NDVI,NORFOLK-TREHERNE: NDVI,NORTH CYPRESS-LANGFORD: NDVI,OAKVIEW: NDVI,PINEY: NDVI,PORTAGE LA PRAIRIE: NDVI,PRAIRIE LAKES: NDVI,PRAIRIE VIEW: NDVI,STE. ANNE: NDVI,STUARTBURN: NDVI,SWAN VALLEY WEST: NDVI,THOMPSON: NDVI,VICTORIA: NDVI,WEST ST. PAUL: NDVI,WESTLAKE-GLADSTONE: NDVI,WINNIPEG: NDVI,WOODLANDS: NDVI,YELLOWHEAD: NDVI
2015-04-05,0.7004615148360883,0.6124717288796208,0.6568590027807096,0.5770379296614018,0.4538238684749066,0.6012454481212929,0.5497381875028735,0.42870354900972985,0.4285436934755134,0.5147620332839491,0.5496646704594618,0.6235336158694729,0.4444120664295185,0.485430880424714,0.5032473122130904,0.6002892239982042,0.5812106934060397,0.619931233291466,0.5729387215957928,0.4965152008285692,0.5854477780687212,0.5659427232170603,0.5872965737096094,0.6601154487356763,0.5195108679074906,0.5984671101318514,0.5570438267011574,0.5443020880994504,0.5875856521878285,0.49931132694515373,0.5267421719818404,0.5462265284486045,0.5663588804972259,0.6073615551154764,0.4342600045327579,0.6062755017149414,0.6024487671807461
2015-04-12,0.700394716017566,0.6124049361979761,0.6568509260768959,0.5770387203032953,0.4538985525583782,0.6013132034800358,0.5498043106684384,0.42873816160039724,0.4285436950231152,0.5147628735759676,0.549595648395376,0.623462529039597,0.4443614550417123,0.48536699874887856,0.5032086551012573,0.6002915713531867,0.5812192873230301,0.6199325651897744,0.5729807261567408,0.49656412342217837,0.5854490637620575,0.5659421687354727,0.5872258473641526,0.6600515732253667,0.5194768041151165,0.5984687332690588,0.5570454204347077,0.5443043680921126,0.5876118829785776,0.499378126740351,0.5268052298411753,0.546226523915438,0.5664227510451455,0.6072919521117958,0.4342044264494818,0.6062668309203694,0.6023819683622238
2015-04-19,0.7003656550343865,0.6124100806785827,0.6568625992371885,0.5770387118140714,0.4539276135339125,0.6013422706260619,0.5498136041603072,0.42869868228148117,0.4285436934758561,0.514800495928267,0.5496631214688913,0.6234334680564174,0.44441643621093296,0.485434471822714,0.5031967595673591,0.6003362402078345,0.5812963904072733,0.6199290257803095,0.572937845852607,0.4965119186888304,0.5854893055544006,0.5659442546446628,0.5871966152656225,0.6601190371396676,0.5194977168674514,0.5984713983251537,0.5570679368389582,0.5443779470468217,0.5876828053011259,0.49940718772921433,0.5267360836630534,0.5462265311886819,0.5663552917492102,0.607359425185631,0.43415986416518154,0.6061771658360585,0.6023529085558177
2015-04-26,0.6998334786807364,0.6123650664684481,0.6568624768703166,0.5776736101931783,0.4544588012034713,0.6018740069558413,0.5501591280692291,0.4286992101471015,0.42854371596212376,0.5148604988698041,0.5490272053333468,0.6229162304103876,0.44441627984519017,0.4857209559462047,0.5032545162378126,0.6005312315708942,0.5814964387204883,0.6199295871892117,0.5729381840197622,0.49643627808349633,0.5854473912905923,0.5653688190010702,0.5866644382953415,0.6601131664951394,0.5194999455503839,0.5984714264746693,0.5576138645052566,0.5447514120264358,0.5882149806101653,0.4999385332812891,0.526737151597231,0.5462261324113372,0.5663542066837995,0.6067235090500869,0.43362875724129035,0.6056460573800185,0.6018208183591778
2015-05-03,0.7004511130066404,0.6124618926864849,0.6568618662177599,0.5770401390268922,0.4538255704648968,0.6012502761776793,0.5497489272605719,0.4287075184051373,0.42854406893650676,0.5147464712568175,0.5496431584244958,0.6235183751551979,0.4444140553763362,0.4854156947727674,0.5032457659972477,0.6002942549168999,0.5812189445479671,0.6199394039220608,0.5729460766333415,0.4965223734693566,0.5854443308507075,0.5659242916163651,0.5872803929639901,0.6601190265982126,0.519517768959158,0.5984714099132546,0.5570565420295313,0.5443075673630532,0.5875985896902292,0.49930788973644225,0.5267537952222341,0.5462204634547321,0.5663353158327791,0.6073394621408843,0.43426360155904015,0.6062801054016103,0.6024378473159098
2015-05-10,0.7004688829395583,0.6124810285493756,0.6568627415928503,0.5770408585592038,0.45382662558261344,0.6012394648091954,0.5497314174081448,0.42869874279152814,0.42854201209063447,0.5147553583969415,0.5496604435378692,0.623536762727277,0.44441644196872215,0.48543510675851836,0.5032575691202542,0.6002919614048693,0.5812115409227702,0.6199291838276315,0.572938634839156,0.49651073146327046,0.5854446969596312,0.5659415193996432,0.587297936814944,0.6601186963509358,0.5195183361796342,0.5984730299197075,0.5570481800744097,0.5443036790476968,0.5875817476730801,0.49930381953790914,0.5267360813060726,0.5462237864566619,0.5663525163137403,0.6073567195723172,0.43426352875954416,0.6062811521116585,0.6024564566522961
2015-05-17,0.700468470097684,0.6124796047976918,0.6568632733287512,0.5770404024461412,0.4538257800134281,0.6012399026917468,0.5497306755036785,0.42869880865892757,0.42854353393596195,0.5147562012812799,0.5496612063885375,0.6235356905493611,0.4444164580688826,0.48543485754388127,0.5032554249426004,0.6002912201309153,0.5812122492522301,0.6199294489867974,0.5729379391237338,0.49651175760632915,0.5854455845694423,0.5659423384086278,0.587298593029134,0.6601184166937267,0.5195183350485666,0.5984715782971027,0.5570466599757681,0.5443032727988829,0.5875805694181271,0.49930459100069025,0.5267361354784924,0.5462263488760962,0.5663533596734182,0.6073579025075141,0.4342636261642885,0.6062818714100858,0.602456200846484
2015-05-24,0.7004694162433472,0.6124796320015228,0.6568627527299779,0.5770388629835961,0.4538239941775069,0.6012385455226279,0.5497305635548161,0.4286986446840961,0.4285436637503911,0.5147579589274309,0.5496629994366639,0.6235371194110488,0.44441647816944213,0.4854345193290166,0.5032552398360611,0.6002897116661412,0.581210824248352,0.6199289981076124,0.5729378138766729,0.4965118729540175,0.5854472200802403,0.5659441282667028,0.587300260726575,0.6601190460205922,0.5195183693982126,0.5984714965309389,0.55704558733789,0.5443021560339023,0.5875791941913736,0.4993034086669874,0.5267360569589985,0.5462264116962855,0.566355147689266,0.6073593809072773,0.43426363693083536,0.606281046414314,0.6024566859047441
2015-05-31,0.7004695043580296,0.612479941400834,0.6568629528861054,0.577039018685953,0.45382433723295734,0.6012386509700426,0.5497308339664155,0.4286984735422718,0.4285435622079666,0.5147577285843449,0.5496628067561671,0.6235369692142028,0.4444166749670833,0.4854347039726025,0.5032557884665405,0.6002900364231788,0.5812110791431799,0.6199290803359393,0.5729378386432881,0.4965113239470652,0.5854467976238922,0.5659437801688637,0.58730003965053,0.660119080460617,0.5195184359145295,0.5984719837811581,0.5570459274190269,0.5443023822240021,0.5875793681049494,0.49930325727570013,0.5267356749370031,0.5462260645150278,0.5663549781941716,0.6073592404137327,0.43426361422094734,0.6062811444492949,0.6024568091552551
2015-06-07,0.7004694106027185,0.6124796226914904,0.6568626019279904,0.5770387210433573,0.4538238779111806,0.601238535602674,0.5497305812464358,0.42869866847184546,0.42854368864844367,0.5147581122850857,0.549663130306857,0.623537219442304,0.44441645696943743,0.4854344955972456,0.5032552156049197,0.6002895962976114,0.5812106947526917,0.6199290246927418,0.5729378222692879,0.4965119096879594,0.5854473724019494,0.5659442632769639,0.5873003643786806,0.6601190560331697,0.5195183446363257,0.5984714123511755,0.5570454348023729,0.5443020876753761,0.5875790627049113,0.4993034246237114,0.5267360604701732,0.5462265309095599,0.5663552740296232,0.6073594358958417,0.4342636059909645,0.6062809100553227,0.6024566645269622
2015-06-14,0.7004694288479804,0.6124796116385052,0.6568625903256375,0.5770387374410967,0.45382390043145954,0.6012385708617951,0.5497304956536427,0.4286986361368407,0.4285436797347815,0.5147580980800014,0.549663138327572,0.6235372664943312,0.44441648410979545,0.48543454294180405,0.5032552344342394,0.6002896042702818,0.5812107279206754,0.6199290389875861,0.572937769510058,0.4965118806666586,0.5854473218937384,0.5659442599809176,0.5873003751660802,0.6601190654554961,0.5195183833268757,0.5984714509751926,0.5570454943664477,0.5443021134985417,0.5875790875235706,0.49930337748241593,0.5267360455194884,0.546226516709391,0.566355253245452,0.6073594488337785,0.4342636273492009,0.6062809399800779,0.6024566760184233
2015-06-21,0.700469408993903,0.6124796164108179,0.6568626043038046,0.5770387161389363,0.4538238686274369,0.6012385210792057,0.5497305603383698,0.4286986737710502,0.42854369168569073,0.5147581187260611,0.5496631328422285,0.6235372179795342,0.4444164537841374,0.48543449362438285,0.5032552102240517,0.6002895956455965,0.5812106948798652,0.6199290198749903,0.5729378291529513,0.496511909089565,0.5854473827282124,0.5659442651001356,0.5873003743226766,0.6601190516160642,0.5195183432030531,0.5984714048581024,0.5570454269586042,0.5443020878175427,0.5875790553776031,0.4993034268923947,0.5267360697246599,0.5462265278746617,0.566355282739581,0.6073594362047198,0.4342636084531145,0.6062809099893655,0.6024566667878121
2015-06-28,0.7004706147464954,0.6124831217473989,0.6568637643387147,0.5770387044932491,0.4538237477910479,0.6012336523882024,0.5497257113885138,0.4286985591247809,0.42854369370309314,0.5147627962931677,0.5496638481251397,0.623540300505167,0.4444165999350127,0.4854386087868822,0.5032600085817297,0.6002895526364278,0.5812058486130285,0.6199242033987049,0.572933026588325,0.4965118591254383,0.5854520437825491,0.5659457521080231,0.5873052317974176,0.6601205844949105,0.5195185264166435,0.5984752892175585,0.5570454657973466,0.5443047974654267,0.5875741910324003,0.4992985951776184,0.5267314986160839,0.5462264609242294,0.5663572817131567,0.6073638937711631,0.4342636937710216,0.6062853302110949,0.6024583431498505
2015-07-05,0.700510940889521,0.6125589571942325,0.6570290771880917,0.5770330978789808,0.4536187122540769,0.601033432503488,0.5495318882351533,0.42869727946195246,0.4285440044932036,0.5148934469441997,0.5497372582282786,0.6236462521784388,0.44441966040060454,0.4855338425375173,0.5033800127742508,0.6002736263883213,0.5810324428298422,0.619851042817583,0.5728493172452136,0.4965178869871777,0.5855629655839515,0.5660811172127872,0.5874767061972225,0.6601314888356599,0.5195724265830186,0.5985520718563443,0.5570243598277992,0.5440998336537854,0.5873738070112242,0.4991090805898789,0.5267015347230379,0.5461443485034116,0.5664524611137863,0.607546345030616,0.4342648271174721,0.6063396253986981,0.6025135328641087
2015-07-12,0.7006534604067522,0.6126909853093696,0.6567113916406571,0.576629483433818,0.453241200082491,0.6005787200239929,0.5495038635577021,0.4289837954067869,0.42868652198264035,0.5152466408495672,0.550188155115097,0.6237476587980887,0.4444169273139621,0.48533256939802805,0.5029133695757505,0.5997578261017371,0.5810464712644907,0.6200519860498775,0.5728977537693345,0.49669762275178836,0.585912385368941,0.5663222746527279,0.5877276441217741,0.6601576125036556,0.5195316222188122,0.5981621338065198,0.5567967305361384,0.5440119570180235,0.5872614137997555,0.499122805378542,0.5267362458630722,0.5461754041804259,0.5668814353837907,0.607933860359479,0.43428905471530177,0.6063236718005857,0.602635731224495
2015-07-19,0.7008555663923622,0.6131377874687565,0.656587849683252,0.5759645274629603,0.45271988831464416,0.6000986018206865,0.5492012997909796,0.4290361416297867,0.4289364122727415,0.5156703333977253,0.5505437554541677,0.624201267259137,0.4444131811297942,0.48527879907053006,0.5023000843424497,0.5992460338704514,0.5806887026741431,0.6200969750684463,0.5729271907893774,0.4967174269299244,0.5862470302722017,0.5665932726785649,0.5879720390767125,0.6604030504953361,0.5195088957815718,0.597561862099331,0.5560858888157149,0.5439771260970154,0.5872557331311793,0.49915800904555546,0.5267437168026528,0.5466527322729638,0.5672322591219093,0.6085095426833433,0.43428349125895394,0.6065884012408258,0.60289326420617
2015-07-26,0.7005259842340787,0.6126045849474175,0.6566917063003095,0.5766091579245199,0.4534034454995624,0.6009947661750775,0.5496633860598354,0.42877903676192003,0.42875735532697196,0.5149862061473544,0.5500316139554524,0.6238076531506042,0.44440927952007164,0.48524681191014557,0.5028437011069292,0.5998946184059695,0.5810187322358302,0.6199576433185301,0.5730915567593202,0.4966269795156188,0.5858484528330621,0.5661406580365262,0.5874908018851488,0.660275492800092,0.5193974258786266,0.5980599190385277,0.5566110174430116,0.5441736770941838,0.5874487776697056,0.4993978161129173,0.5267397717847511,0.5465597780368115,0.5666581778672684,0.6077549770169052,0.43428208322845546,0.6064002185414245,0.6025387297824482
2015-08-02,0.7004997752744018,0.6125226664690568,0.656730703356825,0.5767246598909966,0.45348800011986257,0.6011087388131645,0.5497612050806596,0.4287678775603853,0.42867495239606856,0.514903305227338,0.5499520201400093,0.6237325519116607,0.4443859983681081,0.48521919210865627,0.502955996528212,0.6000228366855048,0.5810761179927154,0.6199356101857165,0.5730811435232174,0.49658875354384324,0.5857763333617786,0.5660704688892666,0.5874292389780622,0.6602545260111456,0.519409005052456,0.5981711662740639,0.5567039615862204,0.54421003375235,0.587484526210725,0.499439359026585,0.5267368336472199,0.5464967758393379,0.5665582997024072,0.6076461718682916,0.4342664821037658,0.6063009315900193,0.6024951787504477
2015-08-09,0.7005168261459436,0.612467902403019,0.6566669243657376,0.5766874674716687,0.4534433712942977,0.6010936797159443,0.5497255742186091,0.4288035022325621,0.42869732610030287,0.5149174593155033,0.5499852152217425,0.6237134924681844,0.4443993304216908,0.48525205737843474,0.5029205446618524,0.5999550824685393,0.5810922514283493,0.6199317030532154,0.5730848355405087,0.496613337281294,0.5857920323310637,0.5661232515016885,0.5874436099782828,0.6602032766140578,0.5193635465185319,0.598136106699165,0.5566828458188612,0.5441679536494438,0.5874380323460083,0.4993745786345917,0.5267384170110826,0.5464757220659995,0.566623932360887,0.6076944851557451,0.4342967353236704,0.6063389151601876,0.6025310446154337
2015-08-16,0.7005423620137865,0.6124657204697068,0.6566722910533224,0.5767255940397075,0.45344252045407857,0.6010566762610835,0.5497481793551621,0.4288645190230664,0.42864360582500427,0.5149623860832307,0.5499915708690738,0.6236631445627532,0.44435690878562284,0.48517745933495926,0.5029483429305154,0.6000179471302644,0.5811005949464229,0.6199810982896968,0.5731070666434495,0.49662560419943924,0.5857907006798151,0.5661006741350652,0.5874454904076477,0.6601888418471494,0.5193748211964357,0.5981413491125421,0.5566629123871044,0.544196776928171,0.5874629948652238,0.49942426746162444,0.5267410351863986,0.5464980775036062,0.566619519349352,0.6076947506337045,0.4342724772931609,0.6062126563691302,0.6024912067880295
2015-08-23,0.7001437106239506,0.6120191668671897,0.6566147770189742,0.5765995125212668,0.45332047452037877,0.601200778336285,0.5501514108474311,0.42913754910430046,0.42879658324877135,0.5148650558915825,0.5498927522401141,0.6236087473678463,0.44421053016701356,0.4849014611826517,0.5030394298121789,0.6001086751882406,0.5811823804142323,0.6199487021114498,0.5734307389126189,0.49663596273513927,0.5860621279403585,0.5660614412134575,0.5874105972218194,0.6597983425392987,0.5190042528084239,0.5978685861964758,0.5564516838647766,0.5441922618233406,0.5874686563928191,0.4997542429748255,0.5267714958478167,0.5467351451850718,0.5665687856222411,0.607682458640555,0.43430022945192215,0.605864031832603,0.602104684019451
2015-08-30,0.700675866818923,0.6125556046239593,0.656841735006191,0.5768716719062694,0.4532381273746844,0.6007699258356147,0.5493851236976975,0.4287486610513038,0.4286883528516332,0.5152049706618649,0.5500215851398118,0.62387286964821,0.44439601964015524,0.48540967163389087,0.5029611045409568,0.5997638847490944,0.5808503701605977,0.6199485370053592,0.5729965695036318,0.49656301691947924,0.5856464437262929,0.5664104258820502,0.5875863235456595,0.6603512948113881,0.5194035007400809,0.598207801845928,0.5565657047852377,0.5441677495259725,0.587323902169363,0.4990794037521481,0.5267727211633779,0.5465947020580586,0.5668025571103767,0.6078047217417145,0.4342628808480253,0.6063644248328137,0.6026006986128047
2015-09-06,0.7005104415320479,0.6124378453775327,0.6568416531122198,0.5770377894177124,0.45377599052513073,0.601226802118171,0.5497485509300615,0.42872432720667475,0.4285771967098666,0.5147748471969432,0.5497232286803623,0.6235317030571722,0.44440301651440245,0.48539275928159215,0.5032105061945502,0.6002335647554425,0.581188954507643,0.6199615415179115,0.5729507369345709,0.4965606785941059,0.5855076099984706,0.5659806256151771,0.5873198230475577,0.660128390873305,0.519472123377506,0.5984146287351889,0.5569838914778841,0.5442787620684365,0.5875553630502315,0.49931341424793824,0.5267657514004742,0.5462301143942369,0.566393265666339,0.607415294332072,0.4342784828300126,0.6062492022126322,0.6024432950326701
2016-04-03,0.7004693930376213,0.6124796079542103,0.6568626000335903,0.5770387111388584,0.4538238653597783,0.6012385313365143,0.54973058202037,0.4286986857481003,0.4285436961455365,0.5147581261885298,0.5496631226954768,0.6235372060596523,0.4444164424777921,0.4854344706790136,0.5032552010585366,0.6002895945325389,0.5812106934060395,0.6199290257844445,0.5729378368361189,0.49651191184150967,0.585447392621531,0.5659442636805246,0.5873003532688575,0.6601190359968974,0.5195183235126443,0.5984713881612359,0.5570454204479602,0.5443020876385436,0.5875790650910385,0.4993034497240007,0.5267360831839349,0.546226541349837,0.5663552840981938,0.6073594342233876,0.4342636026551634,0.6062808948057917,0.6024566453822792
2016-04-10,0.7004694030426312,0.6124796140547129,0.6568626000421198,0.5770387111470762,0.45382386536746416,0.6012385225528539,0.549730572865694,0.4286986812417291,0.4285436934764848,0.5147581263472627,0.5496631303302009,0.6235372160646622,0.4444164423768732,0.4854344806840234,0.5032552005241239,0.6002895945349598,0.5812106934446981,0.6199290258232658,0.5729378369798717,0.4965119118423925,0.5854473874134067,0.5659442636805246,0.5873003632738673,0.6601190460037891,0.5195183336088376,0.5984713984454225,0.5570454206110516,0.5443020867505552,0.5875790603307336,0.4993034397209696,0.5267360746599498,0.546226531185428,0.5663552840943751,0.6073594340469405,0.4342636048288057,0.6062809049750842,0.602456655387289
2016-04-17,0.7004694031750724,0.6124796141790481,0.6568626000366159,0.5770387111388708,0.45382386533951774,0.6012385224694421,0.5497305727130067,0.4286986811427563,0.428543693480802,0.5147581261735054,0.5496631304626417,0.6235372161971034,0.4444164424640074,0.4854344808173467,0.5032552005606787,0.6002895945295448,0.5812106934069214,0.6199290258006097,0.5729378368223914,0.4965119118778633,0.5854473874134064,0.5659442636384132,0.5873003634063085,0.6601190461696176,0.5195183336822942,0.5984713983254701,0.5570454204452231,0.5443020866378292,0.5875790602083317,0.4993034395885283,0.5267360746681014,0.5462265311673815,0.5663552841393837,0.6073594341793818,0.4342636049350292,0.6062809049829941,0.6024566555201603
2016-04-24,0.7004693339255017,0.612479616191634,0.6568667761940177,0.5770456814285504,0.4538318654585017,0.6012412427428053,0.5497313171218955,0.42869868117959975,0.4285436077466958,0.5147536950564742,0.5496551302212794,0.6235299147781914,0.44441644246530193,0.48542934626172024,0.5032616266950211,0.6002929611046768,0.5812159364127639,0.6199332077575669,0.572942526816858,0.4965162648437729,0.5854437939352919,0.5659362637201837,0.5872923774729811,0.6601174438128646,0.5195122563687153,0.5984717328180102,0.5570455990011293,0.5443060454628179,0.5875851782493061,0.49931143293137964,0.5267361047388788,0.5462264518678138,0.5663472838178931,0.6073514339419879,0.43425733457357246,0.6062808820959246,0.6024497953079647
2016-05-01,0.7004639678135554,0.6124840027094512,0.6568630477890017,0.5770537329490869,0.45383989981996536,0.6012478232344564,0.5497455962870536,0.42869869015004103,0.4285282455158214,0.5147420947856838,0.5496470805604604,0.6235228540237646,0.44441644020798476,0.4854347709265488,0.5032500656746982,0.6002957285149131,0.5812136304913158,0.6199324446644698,0.572938178185194,0.49651210988390193,0.585431522995869,0.5659282128477873,0.5872991639614725,0.660116849743314,0.5195180881038056,0.5984855866380211,0.5570610862567524,0.5443174553527214,0.5875918209375227,0.4993193442943186,0.5267360911216876,0.5462165770833692,0.5663392330628357,0.6073433831953842,0.43426528910665474,0.6062915175213612,0.6024573979991391
2016-05-08,0.7004694689457204,0.6124807291504535,0.6568627426321718,0.577040709825421,0.4538265500329728,0.6012398417677285,0.5497315303811007,0.4286985584727559,0.42854230470865184,0.5147554293457411,0.5496606406640949,0.6235370708761768,0.4444164611351081,0.4854343879912917,0.5032574567701449,0.600292247233055,0.5812123849097568,0.6199291413725053,0.5729386033035687,0.49651168667230716,0.5854450435453875,0.5659415673710352,0.5872978590361067,0.6601190282320475,0.5195183449203993,0.5984716508038989,0.5570481171782574,0.5443038125351756,0.5875815153062428,0.4993028615554162,0.5267359492011339,0.5462238986601996,0.5663525872647935,0.6073568168245976,0.4342632730932379,0.6062807607215653,0.6024562476514966
2016-05-15,0.7004698094430404,0.6124805827954068,0.6568634409848204,0.5770402606447681,0.4538245008478897,0.6012390408056113,0.5497311784169936,0.428697741052771,0.4285428090028228,0.5147565410490529,0.5496622526342401,0.6235372142514285,0.4444170007547246,0.48543513041870484,0.5032562199815505,0.6002905995997488,0.5812114599441522,0.61992927485751,0.5729369148177897,0.4965109619514713,0.5854458052693178,0.5659426864738433,0.5872997210740455,0.6601190362082207,0.5195190459352814,0.5984727356065923,0.5570469370297783,0.5443026251873956,0.5875799815987011,0.49930373933774513,0.5267355042174124,0.5462261194028827,0.5663537041641399,0.6073578637381509,0.4342632722506774,0.6062812899950621,0.6024560213506137
2016-05-22,0.7004872981006177,0.6124797215602933,0.6569232697238482,0.5770759697230581,0.45389495055715734,0.60124571920783,0.5497541483032596,0.42869840837424916,0.42853373891692736,0.5146868697563095,0.5495920709730385,0.6234663618191812,0.44441665641390476,0.48544395233458953,0.5033264546950746,0.600345651362953,0.5812817512440949,0.6199288948101738,0.5729432623107586,0.4964406263418025,0.5853760150213559,0.5658731664581158,0.5872294712865452,0.6601190090965509,0.5195185924247925,0.5985426344768089,0.557116789564205,0.5443606837741198,0.5876321411138408,0.4993032216006387,0.5266956356321374,0.5461552298164076,0.5663287002081998,0.6073592541896481,0.4342660843542698,0.6062810576909903,0.6024804474003514
2016-05-29,0.7004694187542098,0.6124796427648848,0.6568626352470218,0.5770387715355474,0.4538238956443841,0.6012385545619136,0.5497305725486288,0.4286986311936436,0.4285436571046282,0.5147580753570018,0.5496631221535803,0.6235372285160927,0.44441648655558813,0.4854345387622544,0.5032552657096118,0.600289619089907,0.581210714437961,0.6199290195109186,0.5729377969674347,0.49651187193068796,0.5854473207032386,0.5659442391418779,0.5873003706846754,0.660119064350887,0.5195183819853194,0.5984714433314136,0.5570454853167138,0.5443021053270796,0.5875790875873703,0.4993033786281856,0.5267360279467127,0.5462264909016908,0.5663552263704997,0.6073594160284432,0.4342636127646569,0.6062809351909407,0.602456667798397
2016-06-05,0.7004694409753915,0.6124797375335927,0.6568626990461024,0.5770389123092633,0.45382399942577195,0.6012385671643679,0.5497305578836527,0.42869854370540555,0.4285435817279717,0.5147579249664951,0.5496629835581273,0.6235372661872955,0.44441652146316624,0.48543471518933745,0.5032554611704562,0.600289739073742,0.5812107948233829,0.6199290304230205,0.5729377952651176,0.49651177300015203,0.5854471222692651,0.5659441093265983,0.5873002506912433,0.6601191077574191,0.5195184767123835,0.5984716288210905,0.5570456876014072,0.5443021164325268,0.5875791639532802,0.49930328979367766,0.5267359726381311,0.5462263400502265,0.5663550550410844,0.6073593223949191,0.43426362353975384,0.6062810222132534,0.602456682716461
2016-06-12,0.7004694279875473,0.6124796408194461,0.6568626778440327,0.5770388426209669,0.45382397324702184,0.6012385012758441,0.5497306102633,0.42869864506972005,0.42854360751119297,0.514758033036415,0.5496631081439325,0.6235372425935709,0.4444164585860961,0.48543463845225504,0.503255353976762,0.6002896429754742,0.5812107825917634,0.6199290021907777,0.5729377977606982,0.4965118131023943,0.5854472391228803,0.5659441525939235,0.5873002777807635,0.6601190869309483,0.5195184901792833,0.5984715184525471,0.5570455611878583,0.5443021379083363,0.587579136699838,0.49930332042562553,0.526736050891161,0.5462264109696615,0.5663551629974292,0.6073593089421941,0.4342636426668283,0.6062809319483564,0.6024565884916364
2016-06-19,0.7004694896615236,0.6124797009325893,0.6568626863846273,0.5770387110033073,0.4538238647771361,0.6012385215879735,0.5497304859334872,0.42869864039681077,0.4285436934305135,0.5147581262820489,0.5496631327099115,0.6235372297949995,0.44441644268110786,0.485434567679695,0.503255286806462,0.6002895940128203,0.5812106928667705,0.6199290255463679,0.5729377506342176,0.4965118430539018,0.585447322977045,0.5659442643488333,0.5873003642781497,0.6601191323934332,0.5195184201906663,0.59847145381992,0.5570454206172398,0.5443020861499891,0.58757910197095,0.49930335307148005,0.5267359940592019,0.5462265215681572,0.5663552136200325,0.6073593739155562,0.4342636908994809,0.6062809744681195,0.6024567420849904
2016-06-26,0.7004716354638865,0.6124808949579257,0.6568592074571364,0.5770342970010912,0.4538193393489863,0.6012380912506267,0.5497278544990524,0.4286986324925645,0.4285438820260675,0.5147627971199685,0.5496677553277824,0.6235386923973698,0.4444157790452258,0.4854319477405509,0.5032530878428473,0.6002858001695969,0.5812104336169501,0.6199266033158288,0.5729360906122881,0.49651608355142957,0.5854505264660697,0.5659457688202353,0.5873070024388198,0.6601181347822336,0.51952139689541,0.5984685893016836,0.5570414475870239,0.5443018767331013,0.5875799961787045,0.49930167884466264,0.5267343593333309,0.5462297298970125,0.5663558506336388,0.6073638329134708,0.43426593867471575,0.6062811796126258,0.6024584046991706
2016-07-03,0.7004618089817336,0.6124529479559964,0.6568475983009354,0.5770056004581381,0.45377140552332335,0.6012072817527149,0.5497198282290894,0.428729483641059,0.42855363348819114,0.5148176547843103,0.5497214032126836,0.6235340671617217,0.44441334316296155,0.48540854151713586,0.5031963267005891,0.600256897794625,0.5811927562601752,0.6199277169819205,0.5729636543698048,0.4965335113564172,0.5855061083526765,0.5659474870964287,0.5873331048034248,0.6600921949696369,0.5195146347138747,0.5984869385442629,0.5570139547036707,0.5442698036739433,0.5875795344990474,0.4993136292264144,0.5267412516964116,0.5462581096437278,0.5663861981893455,0.607406234279601,0.43425612121893414,0.6062538045362033,0.6024617975452636
2016-07-10,0.7004718929438873,0.6124797357662662,0.6568538310489902,0.5770298146902973,0.45381487618530497,0.6012295709099927,0.5497286159890067,0.42870484755441013,0.42855242700483703,0.514767108421202,0.5496721121088032,0.623542326096601,0.44442041023609385,0.48543340171770333,0.5032463160609721,0.6002806209151381,0.5812051352758837,0.6199289809865608,0.572936660003192,0.49651198152971926,0.5854554729780421,0.5659515130045818,0.587302285318182,0.6601191600339386,0.5195183909235415,0.5984626246070728,0.5570364775871459,0.5442959999279308,0.5875760738059103,0.4993032890192412,0.5267360687048793,0.5462353740848632,0.5663639382356589,0.607365502885376,0.43426790241035756,0.6062813841356135,0.6024646906765022
2016-07-17,0.7004711399342387,0.6124805133062539,0.6568588911313961,0.5770333400538451,0.45381950038881014,0.6012349474032654,0.5497300793891946,0.42870185498787144,0.42854633272703413,0.5147621257958663,0.5496650036920538,0.6235402525589356,0.44441644480954295,0.48543339022136844,0.5032506278883309,0.6002842773041003,0.5812095859839473,0.6199305931925445,0.5729395570448487,0.49651479592822517,0.5854523222233624,0.5659474797400613,0.5873031824670106,0.6601194429002588,0.5195183352286299,0.5984670216116167,0.5570398004142563,0.5442988022725073,0.5875757797798676,0.49930145006292725,0.5267378729001095,0.5462299966237932,0.5663594315032503,0.6073639877720572,0.4342646034145638,0.6062813689069739,0.602459341709909
2016-07-24,0.7004712632182178,0.6124816519147513,0.6568574505721101,0.5770285181419682,0.45381370003763066,0.6012354947675053,0.5497305180972721,0.4287001238038026,0.4285501686484568,0.5147615171171734,0.5496724551007623,0.6235423234901163,0.44441618418377915,0.4854319941392677,0.5032450939533524,0.6002798893135706,0.5812066203380518,0.6199290977639252,0.5729422281997799,0.4965158834505157,0.5854578018944487,0.5659495822541196,0.5873046358849834,0.6601221163480302,0.5195147697437938,0.5984627506336508,0.5570349882974288,0.54429684652551,0.5875740918797645,0.4993059520199556,0.5267364285913549,0.5462333777146482,0.5663633728326506,0.6073682800992755,0.4342640786242047,0.6062814700450538,0.6024598520011338
2016-07-31,0.7004695595435411,0.6124789678924901,0.6568608087572525,0.5770369678385291,0.45382243518494664,0.6012386997974029,0.5497311568706584,0.4286993592901533,0.42854438443315357,0.5147582082371267,0.5496644841049382,0.6235382325108598,0.4444164241675646,0.48543310027922376,0.5032531404766054,0.6002875471014765,0.5812103851071875,0.6199291276460719,0.5729389465260427,0.4965133119921889,0.5854495080728458,0.5659453636122962,0.5873007850637272,0.6601192566488336,0.5195172791791506,0.5984693359814202,0.5570432921982774,0.5443004304912262,0.5875780656312577,0.4993037719270437,0.5267367619880691,0.5462277757871478,0.5663568084500925,0.6073609310692957,0.43426369814691307,0.6062813643512851,0.6024572794285312
2016-08-07,0.700469762873393,0.6124782109220036,0.6568581597459653,0.5770340713657236,0.4538193782149238,0.6012391030751459,0.5497325669416734,0.4286999436954209,0.4285441132472851,0.5147578630589227,0.5496673618281042,0.6235392802191554,0.4444163294889538,0.4854299525762566,0.5032505717464197,0.6002851762658651,0.5812104227051209,0.6199293375623076,0.5729418874547969,0.4965145861406973,0.5854522627240183,0.5659449278483437,0.5873007933640537,0.6601194260231334,0.5195167168273028,0.5984666545298374,0.557040522801571,0.5442984216255954,0.5875760086736321,0.49930715364458733,0.5267364844966594,0.5462287042103972,0.5663587859491023,0.6073622604864883,0.4342637166449528,0.6062811309333895,0.6024569642057329
2016-08-14,0.7004660289301449,0.6124454714470421,0.6568045557195628,0.576967645855277,0.45376197655809597,0.601235870166515,0.549768268864152,0.4287398280328217,0.428560987128797,0.514781454398177,0.5497240380833659,0.6235481099854486,0.44439472226498483,0.4853663917964675,0.5031920854565914,0.6002530215820847,0.5812062883538738,0.6199302889523972,0.5729909164620536,0.4965387122826267,0.585524715026797,0.5659555919748107,0.5873170702383442,0.6601112817083334,0.5194772345158182,0.5984027954686254,0.5569669892811794,0.5442746950109302,0.5875550869959995,0.4993603171586122,0.5267442528413231,0.5462844925242166,0.5664049804227461,0.6074073657252147,0.4342731331834427,0.6062471112382962,0.6024496809910956
2016-08-21,0.7004521873558889,0.6124593765133339,0.656849362520723,0.5770165325584913,0.4538027702731802,0.6012315168996029,0.5497505654603285,0.428725661153465,0.42855500909263916,0.5147727394086964,0.5496744843595588,0.6235327204294618,0.444404943273619,0.48540417348695275,0.5032447623927891,0.60028082645314,0.5812092439384807,0.6199292690948697,0.5729553915177397,0.49651794043303554,0.5854826608371436,0.5659517485847874,0.5873069490782752,0.6600982458554487,0.5194948257182165,0.5984408593687425,0.5570141107061778,0.544296920079834,0.5875743914987154,0.4993250147468002,0.5267444759757487,0.5462580346885897,0.5663691545044643,0.6073729462396739,0.43426249100836234,0.6062589102360876,0.6024372912862722
2016-08-28,0.7005450061179227,0.6123686867460281,0.6567958303796578,0.5769339219501912,0.4536933069879145,0.6012070483800196,0.549756496179325,0.42878888869519877,0.42862152149852906,0.5149353169869039,0.5497500341233926,0.623538428412985,0.44441166660956116,0.4853002451272303,0.5030739818573776,0.6002429318154965,0.581202547421229,0.6199691618137269,0.5730581976007662,0.4965740686306966,0.5856316143968449,0.565968131526568,0.5873034837944702,0.6601588182333344,0.5193778979823612,0.5983400129802198,0.5568657984154244,0.544254779924752,0.5875418850050619,0.499337988391711,0.5268165813131507,0.5462862617929368,0.5665053713543923,0.6074603253788242,0.4342577681935125,0.6062006512124396,0.6024767891024144
2016-09-04,0.7007432539058864,0.61258839168153,0.6572112638650831,0.5769982293041392,0.45282468617047056,0.6002778104170875,0.5489698488365922,0.4287111840224323,0.42894841102354175,0.5151982654290168,0.5501194393955124,0.6241004002062279,0.4443642591657559,0.4859234852514589,0.5030077070833392,0.5993025562077002,0.580613082853085,0.6199910125691527,0.5727030648537857,0.4965897601171445,0.5855354413115026,0.566915779530769,0.5880459316052851,0.6603639478045309,0.5194514066317242,0.5982579647418473,0.557088932857562,0.5437332638114147,0.5868676677669479,0.4985626868168703,0.5267511631195928,0.5460929019203457,0.5672768453843315,0.6082608796895704,0.43426767941845623,0.6063616630679357,0.6027461404861993
2017-04-02,0.7004049218658037,0.6124151331175436,0.656862600041831,0.5770387111388708,0.45382386579008577,0.6013030037831371,0.5497626821269279,0.42871141330201956,0.4285436934750988,0.5147581259916483,0.5497214946289134,0.6234727348899186,0.4443765930160002,0.48536999950719595,0.5032026166623234,0.6002895945271508,0.5812106934060395,0.6199935066967708,0.5729995445249808,0.4965763927570211,0.5854473874154903,0.565944263741276,0.587297577505991,0.6600757953983163,0.519453852331269,0.5984069169737739,0.5569809391962627,0.5443020866162934,0.5875790602982109,0.4993679207493472,0.5267419230509887,0.5462265311936718,0.5664197652502858,0.6073844301524364,0.43419912359918256,0.606216423632755,0.6023921742104615
2017-04-09,0.7004694032171839,0.61247961422106,0.6568626000421202,0.5770387111388708,0.45382386535925884,0.601238522445651,0.5497305726911417,0.42869868111644766,0.4285436934750988,0.5147581261809161,0.5496631305047531,0.6235372162392149,0.4444164424862635,0.4854344808585761,0.5032552005925329,0.6002895945285732,0.5812106934060395,0.6199290257772062,0.5729378368221386,0.4965119118372416,0.5854473874134064,0.5659442636805246,0.58730036344842,0.6601190461701357,0.5195183336826491,0.5984713983251541,0.557045420444705,0.5443020866162934,0.5875790601662203,0.49930343954641687,0.5267360746271915,0.5462265311919432,0.5663552840997336,0.6073594342214932,0.4342636049500644,0.6062809049829941,0.6024566555618417
2017-04-16,0.7004694032171839,0.61247961422106,0.6568626000421202,0.5770387111388708,0.45382386535925884,0.601238522445651,0.5497305726911417,0.42869868111644766,0.4285436934750988,0.5147581261809161,0.5496631305047531,0.6235372162392149,0.4444164424862635,0.4854344808585761,0.5032552005925329,0.6002895945285732,0.5812106934060395,0.6199290257772062,0.5729378368221386,0.4965119118372416,0.5854473874134064,0.5659442636805246,0.58730036344842,0.6601190461701357,0.5195183336826491,0.5984713983251541,0.557045420444705,0.5443020866162934,0.5875790601662203,0.49930343954641687,0.5267360746271915,0.5462265311919432,0.5663552840997336,0.6073594342214932,0.4342636049500644,0.6062809049829941,0.6024566555618417
2017-04-23,0.7004694032171753,0.6124796142210585,0.6568626000421202,0.5770387111388794,0.4538238653592674,0.6012385224456596,0.5497305726911474,0.42869868111644766,0.4285436934750988,0.5147581261809174,0.5496631305047446,0.6235372162392065,0.4444164424862635,0.48543448085858,0.5032552005925329,0.6002895945285764,0.5812106934060434,0.6199290257772062,0.5729378368221386,0.4965119118372406,0.5854473874134064,0.565944263680517,0.5873003634484114,0.6601190461701356,0.5195183336826489,0.5984713983251541,0.5570454204447126,0.5443020866162994,0.5875790601662289,0.4993034395464254,0.5267360746271915,0.5462265311919432,0.5663552840997336,0.6073594342214846,0.43426360495005584,0.6062809049829856,0.6024566555618331
2017-04-30,0.7004693870089597,0.6124796119607372,0.6568626000423832,0.5770387258548149,0.45382388156783965,0.601238538654019,0.5497305847717928,0.4286986811164482,0.4285436934750988,0.5147581246582069,0.5496631142961712,0.6235372003279886,0.4444164413954275,0.4854344830099081,0.5032551997963896,0.6002896006881226,0.581210699501449,0.6199290263278413,0.5729378368223835,0.49651191255365223,0.5854473876019906,0.5659442486761266,0.587300347239838,0.6601190424829284,0.5195183333162942,0.5984713994790993,0.5570454317490097,0.5443020973985151,0.5875790761905668,0.49930345575499785,0.526736078199157,0.5462265311919429,0.5663552805278893,0.6073594180129113,0.43426359231340694,0.6062808923464592,0.6024566429251832
2017-05-07,0.7004692920309592,0.6124795690252367,0.6568626125511022,0.5770387737913375,0.45382395211294924,0.601238624818002,0.5497306770044085,0.4286987054508494,0.4285436913247866,0.5147580295457476,0.5496629945190536,0.6235371198972477,0.44441642245823443,0.485434406068218,0.503255184997771,0.6002896489328239,0.581210741293786,0.619929060033718,0.572937864744725,0.4965119641074526,0.5854473599307475,0.5659441277072375,0.5873002281515984,0.6601189987603009,0.5195183336806651,0.5984714164839264,0.5570454875425692,0.5443021518761955,0.5875791937512985,0.49930352308496384,0.526736167288124,0.5462264919490969,0.5663551647244489,0.6073592983756588,0.4342635910015461,0.60628088927559,0.6024565850514314
2017-05-14,0.7004693806621093,0.6124796275771422,0.6568626323400093,0.5770387978298283,0.4538239577979226,0.6012385702639795,0.5497306246687087,0.42869868121947874,0.4285436917259454,0.5147580330477545,0.549663041431735,0.6235371987380159,0.44441644303304406,0.4854344855305399,0.5032552177962076,0.6002896847635155,0.5812107493637262,0.6199290398420736,0.5729378801103793,0.49651189647518923,0.5854473525400956,0.5659441705167507,0.5873002724331867,0.6601190421951518,0.5195183352273713,0.5984714256817436,0.5570455135786989,0.5443021245223547,0.5875791221313063,0.49930348768291866,0.5267360689537294,0.5462264654478488,0.5663551909510125,0.6073593429499283,0.4342635386957429,0.6062808552009631,0.602456579938625
2017-05-21,0.7004694582835274,0.6124802118041766,0.656862620791567,0.5770387704111168,0.45382391321632304,0.6012386976533897,0.549730944679915,0.4286986583004313,0.42854336903392876,0.514757483261657,0.549662514588876,0.6235372161812153,0.44441645954305853,0.4854342587706098,0.5032558294699251,0.6002902168609932,0.5812111668127131,0.619929030556234,0.572937837895277,0.4965118947515649,0.5854467446066295,0.5659436305485699,0.5872997326896544,0.6601187718314809,0.5195183467905299,0.5984716741729106,0.5570460631275443,0.544302396537236,0.587579429444294,0.49930402551471625,0.5267364695351833,0.5462259346528001,0.5663546426647075,0.607358811200447,0.434263390448377,0.6062809166417376,0.6024561148528068
2017-05-28,0.7004742683608531,0.6124845592006772,0.6568636321524344,0.5770459211568107,0.4538324180481521,0.6012481459409637,0.5497369168674106,0.4286899851429236,0.4285399924520432,0.5147480713473895,0.549663075715114,0.623539159087773,0.4444264855399629,0.4854445468695623,0.5032652670962905,0.6002899663291744,0.5812117622591935,0.6199280131028917,0.5729277887902859,0.496510859386531,0.5854373212623981,0.5659441530774985,0.5873013594138797,0.6601256602288684,0.5195256631580744,0.5984804548421909,0.5570554537868342,0.5443027707695975,0.5875810464720167,0.49929337359889,0.5267263261240295,0.5462257384706513,0.5663478848327095,0.6073611066437073,0.434264050246098,0.6062838932226289,0.6024628461937754
2017-06-04,0.7004685815123316,0.6124783153215162,0.6568628160604597,0.5770396255429199,0.4538216091644967,0.6012369361472661,0.5497287620074869,0.42869835464308653,0.42854262188196013,0.5147580107732087,0.549663901821084,0.623536748845871,0.4444174623741393,0.48543484183736085,0.5032557315302325,0.6002896131241994,0.5812121462623123,0.6199277395891398,0.5729369398493451,0.4965100548339114,0.5854467173975474,0.5659441420378559,0.5873021410993032,0.6601196167956542,0.5195187257439452,0.598471343811341,0.5570470973288952,0.5443042423827786,0.5875792510014354,0.4993030457135389,0.5267361957444177,0.5462267692953375,0.5663540623560859,0.6073603398827098,0.43426541365907434,0.6062797669289766,0.6024564787187142
2017-06-11,0.7004704427039081,0.6124799958005456,0.656863894804539,0.5770389525527555,0.4538246348024439,0.6012371975861867,0.5497292486530587,0.42869772924711286,0.42854365871281325,0.5147580254623529,0.5496631070357921,0.6235382749802469,0.44441760998772045,0.4854359319108389,0.503256446331699,0.6002894491217247,0.5812094967455123,0.6199279149215667,0.5729366108160988,0.4965109597601302,0.5854464289426884,0.5659444337563058,0.5873016595830313,0.6601192835986723,0.5195197262308932,0.5984723861679456,0.557046394699842,0.5443022455074256,0.587577809289836,0.49930210974552985,0.5267357434807534,0.5462257679677693,0.5663554536230685,0.6073597998747301,0.4342641758950354,0.6062810624246892,0.6024576012563829
2017-06-18,0.7004694836161298,0.6124797542114067,0.6568627337435546,0.5770387117452859,0.45382373499991785,0.6012383744944024,0.5497304255428573,0.42869859358052714,0.4285436925771875,0.5147581401008238,0.549663135973495,0.6235373545787697,0.4444165587562351,0.4854346261675253,0.5032553429932761,0.6002895926039974,0.5812105505915094,0.6199288851273818,0.5729376951066838,0.49651188411230474,0.5854474025203603,0.5659442258042583,0.5873005095911451,0.6601190533274262,0.5195184687340684,0.5984714866658069,0.5570454363274899,0.5443019627293977,0.5875789132144205,0.4993032917403429,0.5267360006618216,0.5462264813352359,0.566355295833247,0.6073595091686649,0.4342636792424587,0.6062809194727325,0.6024567650422034
2017-06-25,0.7004695557279883,0.6124797812176895,0.6568627293653299,0.5770387040496292,0.45382375354604626,0.6012382142887889,0.5497301764284998,0.42869859236167035,0.4285436652592452,0.5147583146647148,0.5496632069464964,0.6235374004353424,0.4444164867475983,0.4854348008551291,0.5032554901172671,0.6002896511177207,0.5812103999608158,0.6199286760544249,0.5729374891797956,0.4965118123114093,0.585447509385639,0.5659442974150246,0.5873006551032788,0.6601192295136681,0.5195184729297003,0.5984716063949547,0.5570455034140379,0.5443021747567813,0.5875786599066936,0.4993030426614616,0.5267358628222985,0.546226457984756,0.5663554524848027,0.6073597597123692,0.43426369879049564,0.6062810861021397,0.6024568916600531
2017-07-02,0.7004699237962393,0.612480193171217,0.6568617875407483,0.5770376225196533,0.45382262700946613,0.6012371698856108,0.5497299393018173,0.4286991924462401,0.42854371161521654,0.5147594825054007,0.5496644141853669,0.6235374443823464,0.4444164484529862,0.48543348219222465,0.5032543543503191,0.6002884630287092,0.5812104346393425,0.6199288452288586,0.5729377571729709,0.49651209080225417,0.5854487164488921,0.5659452079033113,0.5873007864648464,0.6601190951424694,0.5195184403895863,0.5984705333994812,0.5570443332222713,0.5443016881120311,0.5875787342435651,0.49930255978239857,0.526736005697627,0.5462267797393605,0.5663562228316753,0.6073607551207809,0.43426372113768413,0.6062810345820364,0.6024572345164053
2017-07-09,0.7004707727195065,0.6124818117704731,0.6568655492274132,0.5770367529289534,0.4538170820137804,0.6012312961728229,0.5497272171983636,0.42870029106695395,0.42854374127776623,0.5147654446859224,0.5496704311508609,0.6235398493278793,0.4444164454327765,0.4854327253381762,0.5032587085998946,0.6002831425268403,0.5812076839368567,0.6199279315827724,0.5729381212147757,0.4965128546473383,0.5854546686448436,0.5659479037510822,0.5873036873607371,0.6601191074978892,0.519518331867369,0.5984728191900648,0.5570434691890757,0.5442966180081635,0.5875735732324396,0.4992987209688019,0.5267360761909625,0.5462271656146719,0.5663578455195065,0.6073664186118627,0.4342636855644941,0.6062828848584494,0.6024604829837835
2017-07-16,0.7004701640825375,0.6124805974172961,0.6568632868924462,0.5770348619918432,0.45382013006159955,0.6012354374341927,0.5497288448740124,0.42869965694974344,0.4285440181915076,0.5147617000140727,0.5496666931327984,0.6235377310943897,0.44441595439312376,0.4854314554100845,0.5032570326064154,0.6002860428224244,0.5812101874677685,0.6199291099994508,0.5729384088150251,0.4965121349321806,0.5854513912295812,0.5659469521055206,0.5873011561794907,0.6601189247038345,0.5195176097856896,0.5984712856997699,0.5570413764492584,0.5442995008495292,0.5875760996851294,0.4993010488676815,0.5267362069244695,0.5462289973698958,0.5663572368585713,0.6073629812421356,0.43426576862530386,0.6062808851145217,0.6024587389584215
2017-07-23,0.7005205886436123,0.6124794190792633,0.6567802108839133,0.5769479760874949,0.453741517912902,0.6011901203315654,0.5497319805405017,0.4287827607302358,0.4286317067773753,0.5148478912830706,0.5496777352829783,0.6235386866805963,0.44441461160360074,0.48539656576087803,0.5031634000126992,0.6002617039446048,0.5812105587065991,0.619930655366068,0.5730279751242895,0.49651502959442956,0.5855385617305445,0.5659468273579586,0.5873013326268608,0.6601204678975703,0.5195160321978072,0.5983793769425148,0.5569534064143782,0.5443019055564883,0.5875788568527712,0.4993918498242439,0.52679909956867,0.5463082399432082,0.5664376873945122,0.6073724281801982,0.434263757314136,0.6062787819074124,0.6024565181913162
2017-07-30,0.7004632438213265,0.6124734896083263,0.6568565874385989,0.5770356537683237,0.45382073873694706,0.6012412246653761,0.5497354359648068,0.42870426203242185,0.4285441276437075,0.514759842010682,0.5496649320240854,0.6235389275140498,0.44440848794945537,0.4854243118481262,0.5032445280267607,0.6002877938673703,0.5812100975535059,0.6199320359880921,0.5729437357940015,0.49651413512404974,0.5854543765395891,0.565951394806698,0.5873016686371759,0.6601120742609305,0.519509935923354,0.5984609703258424,0.5570348546385959,0.5443014062488624,0.5875783721407886,0.49930374935864824,0.5267438628182427,0.5462359590981529,0.5663594890918734,0.60736790167975,0.43426422476554793,0.6062726995727028,0.6024491129494601
2017-08-06,0.7004668148890839,0.6124764297518747,0.6568585027909303,0.5770347429459355,0.45382375491997134,0.6012401537105935,0.5497333280416269,0.42870082213900285,0.42854512458727445,0.5147601196668079,0.5496664751924888,0.6235360255562223,0.4444123937367459,0.4854313749319545,0.50324813945862,0.6002870869898064,0.5812097303978768,0.6199324485712224,0.5729398038825716,0.496515190675965,0.5854513534149427,0.5659455866069668,0.587302651726232,0.6601154613966361,0.5195147243188554,0.5984644334595332,0.5570384688353907,0.5443002812263145,0.5875780822218133,0.4993063564646022,0.5267389366435123,0.5462324505123779,0.5663589469231007,0.607363454679557,0.4342612806406067,0.6062764891540904,0.6024528489362002
2017-08-13,0.7005405439915801,0.6124809465364036,0.6568771932355627,0.5768581716643217,0.4536416010039398,0.6010471898232753,0.5496987506139422,0.42867751683200483,0.42864182218210445,0.5147400432022838,0.5497722688570063,0.6237179408893166,0.4444259839651095,0.48564508708235116,0.5031024232820194,0.6001237052541003,0.5811780271505089,0.6199084809383663,0.5729115919647016,0.4966284806183868,0.5855773026179352,0.5660287534826678,0.5874952685480124,0.6601347379602888,0.519715590652132,0.5984685244111668,0.556881087652417,0.5441310291371286,0.5873961774997619,0.49914185796322275,0.5267320908449175,0.5463955069774998,0.5664976280529745,0.6075651052128405,0.4344365360118527,0.6062849560745303,0.6024934127349126
2017-08-20,0.7004772892366044,0.6124860646806002,0.6568701216660128,0.5770324223264275,0.4538075062968509,0.6012217048297596,0.5497149845764787,0.42869292282278737,0.428547251501176,0.5147586083945143,0.5496676945617927,0.6235485737015702,0.4444193219183038,0.48545580864701593,0.503256726306722,0.6002805505316472,0.5812022038155297,0.619922445443046,0.5729273791494498,0.49650875078072043,0.5854471334955391,0.5659556296135292,0.5873131360237163,0.6601278866615691,0.5195271006387499,0.5984705376597268,0.5570519651847836,0.5442936995366087,0.5875569496431872,0.4992856708827763,0.5267359342621394,0.5462172748890157,0.5663713560916671,0.6073769346710456,0.43427036020243426,0.6062817784851889,0.6024682473855529
2017-08-27,0.7004983722639734,0.6125327585619432,0.6568626707096168,0.5769490291174674,0.4537342932827465,0.6011499164760651,0.5496825451856105,0.42870144159558793,0.42858287431792036,0.5148142680071489,0.5497203312716048,0.6236004471654026,0.44441646288231273,0.4854623425662017,0.5031934202833455,0.6001996513591802,0.5811585882779535,0.619929533755555,0.5729375766868771,0.4965147136157604,0.5854996649910985,0.566002573139354,0.5873519373689707,0.6601445845100833,0.5195185114489593,0.5984157276133456,0.5569558156356846,0.5442650346773732,0.5875416570748675,0.4992674451325392,0.5267371362719738,0.5462518139969785,0.5664180481070556,0.6074497130613984,0.43426386275088047,0.6063122624224848,0.6025110292874328
2017-09-03,0.7004982585187952,0.6122605420788547,0.6566221593666852,0.5767965274110234,0.4535604320744053,0.6013225187213259,0.5499219168194451,0.4288551396140463,0.42863990149909126,0.5147399401266416,0.5498961767140734,0.6235419450775083,0.4443120043358985,0.4852187937036218,0.5030493557466156,0.6002107826798061,0.58118975349922,0.619946193713674,0.5732225940937967,0.4966361508728212,0.5857466697754875,0.5659822010564559,0.587313999242173,0.6601436996431305,0.5192669975399217,0.5981740185956675,0.5567395629494263,0.5442328657716928,0.5875025582448113,0.499530630628638,0.5267407597661802,0.5464757881829834,0.5664754223974804,0.6075890805870431,0.43427552206593184,0.6060604405057155,0.6024736707951968
2018-04-01,0.700454692131772,0.6124649031356697,0.6568626000164277,0.5770387111388708,0.45382386535929514,0.6012532335310614,0.5497378983362378,0.42870158597292307,0.4285436934750992,0.5147581263660357,0.549676445800081,0.6235225053389388,0.4444073509933959,0.4854197697731643,0.5032432038260264,0.6002895944021985,0.5812106934060395,0.619943736774752,0.5729519151708091,0.49652662285388227,0.5854473875985429,0.5659442638656653,0.587299727789824,0.660109178887393,0.5195036225972373,0.5984566872397422,0.5570307093593033,0.5443020866162935,0.5875790602382248,0.49931815063181617,0.5267374089185285,0.5462265313455148,0.5663699951277952,0.607365136844369,0.4342488939089199,0.606266193998944,0.6024419444764298
2018-04-08,0.7004685089221541,0.6124795667915446,0.6568626000421202,0.5770387111388708,0.4538241708072535,0.6012393639430983,0.5497314171127665,0.42869868111644766,0.4285436934750988,0.5147581261795869,0.5496631517022597,0.6235363219441851,0.4444158376150498,0.48543358656354824,0.5032547791473538,0.6002895945285738,0.5812106934060404,0.6199299200513524,0.5729386523174776,0.4965128061113867,0.5854473874134069,0.5659442636827771,0.5873003185534819,0.660119046149253,0.51951743938762,0.5984705040510082,0.5570445261561459,0.5443020866162941,0.5875790862182755,0.4993043338332518,0.526736074636119,0.5462265311919432,0.5663558432650762,0.6073596496701316,0.4342627106593834,0.6062800106901673,0.6024557612668119
2018-04-15,0.7004694032170432,0.61247961422106,0.6568626000421216,0.5770387111389432,0.453823865359541,0.6012385224458608,0.5497305726911417,0.42869868111644766,0.4285436934750988,0.5147581261809161,0.5496631305047597,0.6235372162389327,0.44441644248616125,0.48543448085829394,0.5032552005925329,0.6002895945285732,0.5812106934060625,0.6199290257773769,0.572937836822349,0.49651191183752375,0.5854473874134064,0.5659442636805246,0.5873003634481377,0.6601190461701357,0.5195183336823669,0.5984713983248718,0.5570454204444716,0.5443020866162934,0.5875790601664894,0.49930343954669903,0.5267360746272001,0.5462265311919432,0.5663552840999057,0.607359434221211,0.4342636049497822,0.6062809049827119,0.6024566555615595
2018-04-22,0.7004694032153793,0.6124796142207373,0.656862600042121,0.5770387111406763,0.45382386536106467,0.6012385224474561,0.5497305726923568,0.42869868111644766,0.4285436934750988,0.5147581261812088,0.5496631305029474,0.6235372162374515,0.4444164424862635,0.48543448085939234,0.5032552005925329,0.6002895945292596,0.5812106934068514,0.6199290257772069,0.5729378368221395,0.49651191183702587,0.5854473874134064,0.565944263678892,0.5873003634466142,0.6601190461701193,0.5195183336825956,0.5984713983251528,0.5570454204463182,0.54430208661757,0.5875790601680259,0.4993034395482227,0.5267360746271916,0.5462265311919432,0.5663552840997339,0.6073594342196874,0.43426360494825855,0.6062809049811887,0.6024566555600359
2018-04-29,0.7004693878924153,0.6124796100198036,0.6568625995896582,0.5770387176329366,0.45382387648267125,0.6012385360008297,0.5497305880187988,0.4286986832826215,0.42854369356718863,0.5147581128251566,0.5496631151112252,0.6235372008876283,0.44441643853910845,0.48543446550949537,0.5032551954740497,0.6002895994252739,0.5812106963334281,0.6199290298538993,0.572937838478771,0.49651192120748316,0.5854473877268245,0.5659442482869986,0.5873003480548921,0.6601190351154735,0.5195183336553225,0.5984714018975682,0.5570454227036463,0.544302093476896,0.587579074968521,0.4993034513414799,0.5267360898816981,0.5462265297360942,0.5663552687062425,0.6073594188279653,0.43426360495004374,0.6062809049514094,0.6024566513391382
2018-05-06,0.7004692175395507,0.6124796117421779,0.6568626011349944,0.5770388530861661,0.45382405104221896,0.6012386630158032,0.5497307570287882,0.42869868111677073,0.4285436934724784,0.5147579429219318,0.5496629447874799,0.6235370305616916,0.4444164401118952,0.4854342951825585,0.5032551409153393,0.6002896612464675,0.5812107215075372,0.6199290768081681,0.5729378384313228,0.49651200543392154,0.5854472049942301,0.5659440779641557,0.5873001918793321,0.6601188629879535,0.5195183336208482,0.5984715075399742,0.5570456028933033,0.544302265514678,0.5875792210072627,0.4993036252169869,0.5267361669606919,0.5462265335968757,0.5663550983833368,0.6073592485042666,0.43426360494930316,0.6062810405185627,0.6024566552182448
2018-05-13,0.7004376294626908,0.6125029376157743,0.6568631196369094,0.5771229734935125,0.453912146303593,0.6012920183892748,0.5498179363349526,0.42869813772390397,0.42845549611677897,0.5146698502967368,0.5495748522253856,0.623454704457792,0.4444164373293548,0.48543445697372734,0.5032181850713369,0.600320715627343,0.5812256112439452,0.6199476710688625,0.5729378722643498,0.4965108652178707,0.58535914606573,0.5658559826020794,0.5873002618036745,0.6601066879638686,0.5195183336029997,0.598553320064934,0.55713368291466,0.5443900167724809,0.5876486971108403,0.49939165419606113,0.526735509321802,0.5461736893310595,0.5662671149792664,0.6072716580098992,0.43427385220084397,0.6063461505164619,0.602465492765772
2018-05-20,0.7004694036113717,0.6124796254875382,0.6568626124374183,0.5770387178602296,0.4538238843223653,0.6012385397947086,0.5497305886997266,0.4286986657070709,0.4285436919651575,0.514758112698601,0.5496631124771236,0.623537215491036,0.4444164576801231,0.4854344933576066,0.5032552186667248,0.6002896085966405,0.5812107067480706,0.6199290303881783,0.5729378365151481,0.4965118933687908,0.5854473681251813,0.5659442498715855,0.5873003590688981,0.6601190461712052,0.5195183338888241,0.5984714163706238,0.5570454338281897,0.5443020887056118,0.5875790681106535,0.49930343337755245,0.5267360563881893,0.5462265179977407,0.566355271284945,0.6073594228354424,0.4342636049647226,0.6062809179718375,0.6024566696716045
2018-05-27,0.7004694135116852,0.6124796261430205,0.6568626181779689,0.577038723522274,0.4538238824093674,0.6012385230708494,0.5497305646617724,0.4286986521392489,0.42854368222637307,0.5147581048712665,0.5496631123949376,0.6235372136521973,0.44441645317579737,0.48543450983957503,0.5032552295753802,0.6002896195661932,0.5812107022721457,0.6199290359844511,0.5729378170509198,0.4965118946827889,0.585447358430151,0.5659442636679768,0.587300363456636,0.6601190461702514,0.5195183514952918,0.5984714269345551,0.5570454494279046,0.5443020956291802,0.5875790639178843,0.49930344483110933,0.5267360456586498,0.5462265022291005,0.5663552586218178,0.607359430773769,0.4342636126025545,0.6062809257107822,0.6024566555238223
2018-06-03,0.7004694438798543,0.6124796386341038,0.6568626430966197,0.5770387123336403,0.45382386538649655,0.601238522460917,0.549730529641062,0.42869864771006133,0.4285436934374895,0.5147581242764372,0.5496631305133801,0.6235372533624639,0.4444164725371512,0.4854345239786128,0.5032552437124972,0.600289629340973,0.581210699707566,0.6199289852098291,0.5729377937366112,0.4965119087038289,0.5854473510795544,0.5659442636228913,0.5873003687425015,0.6601190486222674,0.5195183578550511,0.5984714233153758,0.5570454251506172,0.5443020866585112,0.5875790614177219,0.4993033964421288,0.5267360317069102,0.5462264902853002,0.5663552414486368,0.6073594325110943,0.4342636410292839,0.6062809254531676,0.6024566986191141
2018-06-10,0.70046951009061,0.6124794904850344,0.6568620517685604,0.5770381540756123,0.4538233395735215,0.6012384948037232,0.5497305518976108,0.4286987112288399,0.4285437216552489,0.5147586820385085,0.5496636924224524,0.6235372693548892,0.44441636880269586,0.48543394071647655,0.503254656502936,0.6002891558378359,0.5812106911494348,0.6199290780288956,0.5729379418258251,0.4965123986900663,0.5854479417658345,0.565944429716777,0.5873008529002846,0.660119000815553,0.5195184110505661,0.5984708408237117,0.5570448899833015,0.544302090905916,0.5875791015515989,0.4993035461580542,0.5267361100550254,0.5462270072456983,0.566355526877092,0.6073599399288919,0.43426381052897245,0.606280775932909,0.602456628907042
2018-06-17,0.7004694141978748,0.6124794381445507,0.656862435293955,0.5770385122407561,0.4538237752092981,0.6012385010113783,0.5497305427620124,0.42869875384823375,0.4285437267244294,0.5147582722253337,0.54966328393432,0.6235373285348484,0.4444163649791837,0.48543434634851784,0.5032550382313701,0.6002895207502318,0.5812106774410533,0.6199290789718678,0.5729379088045405,0.49651197383724394,0.5854475547821759,0.5659442910703153,0.5873004174893753,0.660119042934896,0.5195181906675543,0.5984712351661097,0.5570452329013298,0.5443020992403824,0.5875790829648585,0.4993035187515232,0.5267360696167785,0.5462267026300193,0.5663553109722915,0.6073595585704652,0.43426362832726806,0.6062807793832731,0.6024565375408245
2018-06-24,0.7004695596808956,0.612479734064665,0.6568626514777868,0.5770387110353589,0.45382384537655895,0.6012382225426443,0.5497302867813688,0.4286986810430028,0.42854369348811533,0.5147583475473126,0.5496632125636084,0.6235374121578536,0.44441644251091456,0.48543467632987025,0.5032554328514212,0.6002895943239472,0.581210471949259,0.619928726091795,0.5729375569366242,0.496511901656845,0.5854475539090226,0.565944394913872,0.5873006633831691,0.660119142292947,0.5195183495093826,0.5984715731845387,0.5570454204250662,0.5443022007732805,0.5875787602555683,0.49930313974007995,0.5267357966778502,0.5462264855589789,0.5663553063371375,0.6073595910628415,0.43426364205982587,0.6062810628538454,0.6024568435551222
2018-07-01,0.7004694943161633,0.6124797874526765,0.6568627067990264,0.5770387104368911,0.4538237827452947,0.60123823223446,0.5497302992587654,0.4286986811678414,0.4285436938944505,0.5147584163034891,0.5496632232291369,0.623537403164459,0.4444164423501614,0.48543462717865143,0.5032554481535855,0.6002895929705101,0.5812104175288172,0.6199287583339216,0.5729376334712091,0.49651191296930175,0.5854476458757512,0.5659443849603063,0.5873006325767366,0.6601191290519587,0.5195183693815575,0.5984715996955117,0.5570454197215501,0.5443021087366108,0.5875787701925546,0.49930315005554465,0.526735867167152,0.5462265326833148,0.5663553977096633,0.6073596752822297,0.4342636203981711,0.606281105966131,0.6024567834218052
2018-07-08,0.7004694344646787,0.6124796799453915,0.656862762600796,0.5770387024492196,0.4538236648694089,0.6012383236434787,0.5497304387321028,0.42869868203680384,0.42854369452773416,0.5147583270960593,0.549663316327423,0.6235373108840688,0.44441644164396976,0.4854344767990404,0.5032553859040628,0.6002894408946983,0.5812105728311373,0.6199289366811706,0.5729378229032844,0.4965119149452117,0.5854475855039674,0.5659443785524094,0.5873004628362132,0.6601190523427908,0.5195183510056028,0.5984715170399939,0.5570454102140279,0.544301889260743,0.5875788629872858,0.4993032445274876,0.5267360622311414,0.5462265384515338,0.5663553375487412,0.6073596269584155,0.4342636103207247,0.6062809758930858,0.6024567850320208
2018-07-15,0.7004714782641974,0.6124842232666878,0.6568780412876583,0.5770385353067841,0.4538058522904758,0.6012206293096389,0.5497198251364325,0.42869869438620145,0.4285437225199437,0.5147761837512246,0.5496811827793906,0.6235454056100134,0.4444163911760101,0.4854343991067355,0.5032727945228337,0.6002716439445445,0.5812009581386315,0.6199224210501872,0.5729378510903911,0.4965119945687322,0.585465365704544,0.5659552042969456,0.5873079370237969,0.6601189533885643,0.5195182584118733,0.598482165379893,0.5570452501732303,0.5442841858016002,0.587561230237276,0.4992856165117265,0.5267360858603926,0.5462266205686654,0.5663587437232084,0.6073773438374735,0.4342636618767097,0.6062871319884968,0.6024688964142618
2018-07-22,0.7007296875797617,0.6128664091992427,0.6572127947670022,0.5763936403060236,0.45295296555118514,0.6003626748501838,0.5491498720001381,0.4287565358707836,0.4287157535001056,0.5154262962000585,0.5503601495049297,0.623833185169003,0.44440714603756065,0.4853105937467557,0.5034770652249695,0.5994301340746774,0.5809870435537726,0.6199396054970366,0.572874427943214,0.4965965879348089,0.5861048529916515,0.5667129966468998,0.5876347802363417,0.6601648901492101,0.5195216310265599,0.5985208601467819,0.5565972848740782,0.5436441136640994,0.5868271126359841,0.4985927618984573,0.5267467879669316,0.5463791067206265,0.5668800104262904,0.6081420489205221,0.434573548730056,0.6063786814341866,0.6029671455146653
2018-07-29,0.7007037881207442,0.6128030927390667,0.6568484206732115,0.5763948327734053,0.4528705990394305,0.6004480447267064,0.549328678153803,0.42894286547277255,0.428770455812731,0.5154770663075466,0.5503658658284694,0.6238602261781188,0.44441787063736493,0.4852219649009335,0.5026489487014053,0.5994293215874551,0.5808267631300448,0.6199395290006354,0.5728076883244635,0.4965701274975977,0.5859857468968012,0.5667019855766261,0.5877125354653517,0.6601672455932287,0.5194944429939707,0.5981087706496162,0.5564960265679774,0.5437715225365277,0.5871346054018696,0.4988193116898877,0.526744701965922,0.5465786799759493,0.5671224701671262,0.6082861219325407,0.4344136810390986,0.6063963610612316,0.6027679785647396
2018-08-05,0.700893627543967,0.6130242843381741,0.6564999612990561,0.5760960296555987,0.45257119281072566,0.5999735957740888,0.5489593242331404,0.4289709217186781,0.42888321176442834,0.515776030285829,0.5506183105769904,0.6241537729184369,0.4444142329300176,0.4851412354574703,0.5023017989955139,0.5989797260335769,0.5807214218653292,0.6199392321640955,0.5728076231114231,0.49660196768791237,0.5862251572750155,0.5669583609792145,0.5879029499810551,0.6603686266114295,0.5194678616098614,0.5975390209043051,0.556239105260503,0.5439566200062381,0.587227024289288,0.49866643709150116,0.5267376153082989,0.5465687145947099,0.5673309253937633,0.6086344569097718,0.43433472266776607,0.6065538320886671,0.6029698975585294
2018-08-12,0.700746389156694,0.61288618397437,0.6567402051960725,0.5763384012535164,0.4529058692923395,0.6003536912222187,0.5493080616467181,0.4289756028174062,0.4289168969797443,0.5154169826356392,0.5503631912007427,0.6240420949897754,0.44438988250547246,0.48534386271752444,0.5025371241869032,0.5994371563963979,0.580788428796857,0.6200838356653248,0.5728841376071012,0.49670234317304446,0.5860491516218135,0.566532054354991,0.5879022183346058,0.660345767538225,0.5194679853186039,0.5978080005769838,0.5565280361116478,0.5439625123605631,0.5872334421619311,0.49915799663933097,0.526742601479756,0.5464531307305165,0.5671468073472014,0.6083071192967542,0.4342856979939888,0.6064500783060527,0.6027332106730781
2018-08-19,0.7004703055186172,0.6124748358620031,0.656857780261749,0.5770339240634768,0.4538215006773696,0.6012377344046169,0.5497305044741742,0.42870353139167466,0.42854369635689216,0.5147581438481011,0.5496680005816609,0.623537247328637,0.4444164858176285,0.4854296971073673,0.5032504195371894,0.600287159617661,0.5812106241180078,0.6199338042927376,0.5729421402339853,0.49651461113011713,0.5854522430321979,0.5659442709598933,0.5873038105240889,0.6601190467216302,0.5195135480415952,0.5984665818735196,0.5570405712879342,0.5443020130660325,0.5875789876052102,0.4993082134106121,0.5267363489965249,0.5462313850128845,0.5663595980163352,0.6073623270916381,0.43426365841052783,0.606280906982507,0.6024567195664341
2018-08-26,0.7004694709270837,0.6124793360712035,0.656862222513635,0.5770384178477622,0.4538237340572473,0.601238498014455,0.5497305936999759,0.4286989771319639,0.42854378391102915,0.5147582374904314,0.5496634299062522,0.6235372753941532,0.4444162391867128,0.48543417884374435,0.5032548201445429,0.6002894973132371,0.5812106368463889,0.6199292518919941,0.5729380690685967,0.49651217255618824,0.5854476053289915,0.5659443414507765,0.5873007176116165,0.6601191133430604,0.5195180566766463,0.5984710210252469,0.5570450219849049,0.544302048153268,0.58757897711713,0.49930373266449957,0.5267362147667713,0.5462269237916532,0.5663556598412711,0.6073596538112074,0.434263626292736,0.6062806205915022,0.6024566887101052
2018-09-02,0.7004694011543668,0.6124796115686547,0.6568625965156496,0.57703870952348,0.45382386251867346,0.601238520242316,0.5497305732816778,0.42869868312120435,0.4285436935262496,0.514758127427692,0.549663131899581,0.6235372186377324,0.4444164403017876,0.48543447953253915,0.5032551971384269,0.6002895919800454,0.5812106918103936,0.6199290267354883,0.5729378384533517,0.49651191437892206,0.5854473907581808,0.5659442649163299,0.5873003663052379,0.660119042808353,0.5195183323587637,0.5984713963658924,0.5570454177377049,0.5443020844884908,0.5875790585515314,0.49930344057680753,0.5267360774151383,0.5462265349530755,0.5663552867507852,0.6073594381277699,0.4342636055697436,0.6062809013647543,0.6024566538088502
