BirthMean_ALL,BirthSTD_ALL,DeathMean_ALL,DeathSTD_ALL,LifeMean_ALL,LifeSTD_ALL,NumBar_ALL,NumPrev_ALL,NumNext_ALL,DistQ0_ALL,DistQ1_ALL,DistQ2_ALL,DistQ3_ALL,DistQ4_ALL,CosSimQ0_ALL,CosSimQ1_ALL,CosSimQ2_ALL,CosSimQ3_ALL,CosSimQ4_ALL
1.1,1.3190905958272918,3.2,1.0295630140987,2.1,1.5620499351813308,5,2,3,0.0,2.1213203435596424,2.524754878398196,3.2623774391990983,3.905124837953327,0.7525766947068778,0.8574929257125441,0.9354388399395224,0.969311119650593,1.0
0.6,0.9695359714832659,2.7,1.4352700094407322,2.1,1.5620499351813308,5,3,2,0.0,2.5495097567963922,2.5495097567963922,3.3321067811865475,3.905124837953327,0.813733471206735,0.8474709279176798,0.9486832980505138,0.9889447521804875,1.0
0.375,0.649519052838329,2.75,1.4361406616345072,2.375,1.6345871038277526,4,3,2,0.0,2.1213203435596424,2.310660171779821,3.25,3.5,0.8574929257125441,0.8574929257125441,0.928746462856272,1.0,1.0
1.5,1.6431676725154984,3.5,1.0,2.0,1.6431676725154984,5,2,4,0.0,2.5495097567963922,3.5,3.5,3.905124837953327,0.7525766947068778,0.7525766947068778,0.9221943818285309,0.9486832980505138,1.0
1.0,1.224744871391589,3.1,1.319090595827292,2.1,1.562049935181331,5,3,2,0.0,2.5495097567963922,2.5495097567963922,3.5,3.905124837953327,0.813733471206735,0.813733471206735,0.813733471206735,1.0,1.0
0.75,0.75,3.25,0.75,2.5,1.5,4,2,2,0.0,0.5303300858899106,2.1213203435596424,2.1213203435596424,2.1213203435596424,0.8574929257125441,0.8574929257125441,0.8574929257125441,0.9643732314281358,1.0
0.25,0.25,2.75,1.25,2.5,1.5,4,2,2,0.0,0.6373774391990981,2.5495097567963922,2.5495097567963922,2.5495097567963922,0.9486832980505138,0.9486832980505138,0.9486832980505138,0.9871708245126285,1.0
0.0,0.0,2.25,1.75,2.25,1.75,4,4,2,0.0,0.875,3.5,3.5,3.5,1.0,1.0,1.0,1.0,1.0
0.0,0.0,3.75,0.25,3.75,0.25,2,2,1,0.5,0.5,0.5,0.5,0.5,1.0,1.0,1.0,1.0,1.0
1.1666666666666667,1.6499158227686108,3.5,0.7071067811865476,2.3333333333333335,1.4337208778404378,3,2,2,1.5,2.5,3.5,3.653943276465977,3.8078865529319543,0.7525766947068778,0.7525766947068778,0.7525766947068778,0.8762883473534389,1.0
0.8333333333333334,1.178511301977579,3.1666666666666665,1.178511301977579,2.3333333333333335,1.178511301977579,3,2,2,2.5,2.5,2.5,3.017766952966369,3.5355339059327378,0.847998304005088,0.847998304005088,0.847998304005088,0.923999152002544,1.0
0.5,0.7071067811865476,2.8333333333333335,1.649915822768611,2.3333333333333335,1.4337208778404378,3,2,2,1.5,2.5,3.5,3.653943276465977,3.8078865529319543,0.9363291775690445,0.9363291775690445,0.9363291775690445,0.9681645887845223,1.0
0.25,0.25,3.75,0.25,3.5,0.5,2,1,1,0.7071067811865476,0.7071067811865476,0.7071067811865476,0.7071067811865476,0.7071067811865476,0.9899494936611665,0.9899494936611665,0.9899494936611665,0.9899494936611665,0.9899494936611665
0.0,0.0,3.25,0.75,3.25,0.75,2,2,1,1.5,1.5,1.5,1.5,1.5,1.0,1.0,1.0,1.0,1.0
0.0,0.0,2.75,1.25,2.75,1.25,2,2,1,2.5,2.5,2.5,2.5,2.5,1.0,1.0,1.0,1.0,1.0
0.0,0.0,2.25,1.75,2.25,1.75,2,2,1,3.5,3.5,3.5,3.5,3.5,1.0,1.0,1.0,1.0,1.0
1.75,1.75,4.0,0.0,2.25,1.75,2,1,2,3.5,3.5,3.5,3.5,3.5,0.7525766947068778,0.7525766947068778,0.7525766947068778,0.7525766947068778,0.7525766947068778
2.0,1.4719601443879744,3.8333333333333335,0.23570226039551584,1.8333333333333333,1.5456030825826175,3,1,2,1.118033988749895,1.8337718727731436,2.5495097567963922,3.024754878398196,3.5,0.7525766947068778,0.7831550829568064,0.813733471206735,0.9044391730865267,0.9951448749663183
1.3333333333333333,1.0274023338281628,3.3333333333333335,0.6236095644623235,2.0,1.4142135623730951,3,1,1,1.4142135623730951,1.7677669529663689,2.1213203435596424,2.3354150501780175,2.5495097567963922,0.813733471206735,0.8356131984596396,0.8574929257125441,0.9271541021243346,0.996815278536125
0.6666666666666666,0.6236095644623235,2.6666666666666665,1.0274023338281628,2.0,1.4142135623730951,3,1,1,1.4142135623730951,1.7677669529663689,2.1213203435596424,2.3354150501780175,2.5495097567963922,0.8574929257125441,0.9030881118815289,0.9486832980505138,0.9624351791172332,0.9761870601839526
0.16666666666666666,0.23570226039551584,2.0,1.4719601443879744,1.8333333333333333,1.5456030825826175,3,2,1,1.118033988749895,1.8337718727731436,2.5495097567963922,3.024754878398196,3.5,0.9486832980505138,0.9486832980505138,0.9486832980505138,0.9743416490252569,1.0
1.1666666666666667,1.6499158227686108,2.8333333333333335,1.649915822768611,1.6666666666666667,1.6499158227686108,3,2,2,3.5,3.5,3.5,4.224873734152917,4.949747468305833,0.7525766947068778,0.7525766947068778,0.7525766947068778,0.8762883473534389,1.0
1.25,1.25,3.75,0.25,2.5,1.5,2,1,1,2.5495097567963922,2.5495097567963922,2.5495097567963922,2.5495097567963922,2.5495097567963922,0.813733471206735,0.813733471206735,0.813733471206735,0.813733471206735,0.813733471206735
1.6666666666666667,1.4337208778404378,3.5,0.7071067811865476,1.8333333333333333,1.5456030825826175,3,1,2,2.1213203435596424,2.310660171779821,2.5,3.0,3.5,0.7525766947068778,0.8050348102097109,0.8574929257125441,0.9208099715788205,0.984127017445097
1.625,1.4306903927824497,3.375,1.0825317547305484,1.75,1.346291201783626,4,1,3,1.0,2.5123774391990983,2.8755359377564083,3.425390529679106,3.905124837953327,0.7525766947068778,0.8665473234609486,0.9354388399395224,0.9662324809425935,0.9871905049027117
1.5,1.378404875209022,3.2,1.3638181696985856,1.7,1.3638181696985856,5,2,3,1.118033988749895,1.625,3.024754878398196,3.7309149146989657,4.949747468305833,0.7525766947068778,0.813733471206735,0.9361025496990869,0.9585888545047677,1.0
1.6,1.2806248474865698,3.6,0.58309518948453,2.0,1.449137674618944,5,1,3,0.5,1.51135408121282,2.0914365781842363,2.537132317597294,3.5,0.7525766947068778,0.835705218141141,0.897115025102841,0.9902401618965251,0.996815278536125
0.9,0.9695359714832659,3.0,0.8944271909999159,2.1,1.3564659966250538,5,2,1,0.5,1.51135408121282,2.0914365781842363,2.537132317597294,2.8284271247461903,0.813733471206735,0.8574929257125441,0.9486832980505138,0.971085047318452,1.0
0.9166666666666666,1.2720281268728122,2.5,1.2583057392117916,1.5833333333333333,1.2720281268728124,6,3,2,1.118033988749895,1.5,2.5,3.5,4.949747468305833,0.7525766947068778,0.8574929257125441,0.9486832980505138,0.9801570388145249,1.0
0.6,0.9695359714832659,2.3,1.4352700094407325,1.7,1.208304597359457,5,3,2,0.5,1.4635254915624212,2.524754878398196,3.425390529679106,4.301162633521313,0.847998304005088,0.8731695525164445,0.9486832980505138,0.9930205521433217,1.0
1.0,1.378404875209022,2.6,1.7146428199482244,1.6,1.42828568570857,5,3,3,0.0,2.375,3.5,3.8078865529319543,4.949747468305833,0.7525766947068778,0.7984015014874407,0.9363291775690445,0.9840822943922611,1.0
1.625,1.4306903927824497,3.875,0.21650635094610965,2.25,1.5206906325745548,4,1,3,0.5,1.3539136947646289,2.305531284802611,2.8873774391990983,3.5,0.7525766947068778,0.8174107656427196,0.8539930475307969,0.964094269062981,0.9951448749663183
1.0,1.0606601717798212,3.375,0.5448623679425842,2.375,1.3863170633011772,4,2,1,0.5,1.51135408121282,1.9620479906458184,2.4053300858899105,2.5495097567963922,0.813733471206735,0.8246733348331873,0.8574929257125441,0.9619846903302297,1.0
1.1,1.319090595827292,2.9,0.9695359714832658,1.8,1.2884098726725126,5,2,2,1.118033988749895,1.5,2.310660171779821,3.2623774391990983,3.905124837953327,0.7525766947068778,0.8574929257125441,0.9354388399395224,0.969311119650593,1.0
1.0833333333333333,1.396921217853351,2.5,1.3844373104863459,1.4166666666666667,1.2047360245667467,6,3,2,0.5,1.8090169943749475,2.8284271247461903,3.7025624189766635,4.949747468305833,0.7525766947068778,0.813733471206735,0.9486832980505138,0.9754619418441342,1.0
0.8,1.0295630140987,2.2,1.4696938456699067,1.4,1.319090595827292,5,3,1,0.0,2.215990257669732,2.524754878398196,3.5,3.905124837953327,0.813733471206735,0.8246733348331873,0.8574929257125441,0.9992038196340313,1.0
1.375,1.340475661845451,3.0,1.0606601717798212,1.625,1.3863170633011772,4,1,2,1.4142135623730951,2.215990257669732,2.524754878398196,3.2623774391990983,3.905124837953327,0.7525766947068778,0.8736682897415408,0.9354388399395224,0.969311119650593,0.984127017445097
0.75,1.0307764064044151,2.375,1.4306903927824497,1.625,1.3863170633011772,4,2,1,1.118033988749895,2.5495097567963922,2.6889684407712915,3.3321067811865475,3.905124837953327,0.813733471206735,0.8474709279176798,0.9486832980505138,0.954005081054091,1.0
1.25,1.4361406616345072,2.75,1.4361406616345072,1.5,1.4577379737113252,4,2,2,2.1213203435596424,2.5,3.0,3.5,4.949747468305833,0.7525766947068778,0.7788057524582944,0.8574929257125441,0.9524684945119588,1.0
1.625,1.4306903927824497,3.25,1.0307764064044151,1.625,1.3863170633011772,4,1,2,1.118033988749895,2.5495097567963922,2.6889684407712915,3.3321067811865475,3.905124837953327,0.7525766947068778,0.8408486988621839,0.9354388399395224,0.954005081054091,0.9951448749663183
1.5,1.378404875209022,2.9,1.3190905958272918,1.4,1.319090595827292,5,2,2,1.118033988749895,2.215990257669732,2.524754878398196,3.5,4.949747468305833,0.7525766947068778,0.813733471206735,0.8574929257125441,0.992390410586013,1.0
1.6,1.2806248474865698,3.2,1.0295630140987,1.6,1.2409673645990857,5,1,3,1.0,1.8824118141889064,2.5,3.0385490282364165,3.905124837953327,0.7525766947068778,0.8736682897415408,0.9603827533119003,0.982142028129811,0.9998347517133227
0.9,0.9695359714832659,2.8,1.503329637837291,1.9,1.2409673645990857,5,2,3,1.0,1.75,2.621046080181822,3.425390529679106,4.301162633521313,0.847998304005088,0.9363291775690445,0.9486832980505138,0.9780960069591804,1.0
0.5,0.6123724356957945,3.0,1.4577379737113252,2.5,1.3693063937629153,4,2,2,0.5,1.2338101990834687,2.4676203981669373,3.463525491562421,3.5355339059327378,0.9191450300180578,0.9295855111203116,0.9765924155703704,0.9922778767136677,1.0
0.16666666666666666,0.23570226039551584,3.5,0.7071067811865476,3.3333333333333335,0.9428090415820634,3,2,2,0.0,0.7905694150420949,1.5811388300841898,1.5811388300841898,1.5811388300841898,0.9805806756909202,0.9805806756909202,0.9805806756909202,0.9902903378454602,1.0
0.875,1.5155444566227676,3.375,1.0825317547305484,2.5,1.541103500742244,4,3,3,0.0,2.5,3.0,3.5,4.301162633521313,0.7525766947068778,0.7525766947068778,0.8762883473534389,1.0,1.0
0.625,1.0825317547305484,2.875,1.3863170633011772,2.25,1.5206906325745548,4,3,1,0.5,2.5123774391990983,2.774754878398196,3.375,3.905124837953327,0.813733471206735,0.813733471206735,0.9068667356033675,1.0,1.0
1.25,1.4361406616345072,3.25,0.75,2.0,1.3693063937629153,4,2,2,1.5,1.6553300858899105,2.310660171779821,3.25,3.8078865529319543,0.7525766947068778,0.7788057524582944,0.8574929257125441,0.9524684945119588,1.0
0.75,1.0307764064044151,2.75,1.25,2.0,1.1726039399558574,4,2,2,0.5,2.5,2.524754878398196,3.0385490282364165,3.5355339059327378,0.847998304005088,0.8731695525164445,0.9486832980505138,0.9662324809425935,1.0
0.375,0.649519052838329,2.25,1.75,1.875,1.4737282653189494,4,3,2,0.0,2.0,3.5,3.7309149146989657,3.8078865529319543,0.9363291775690445,0.9363291775690445,0.9681645887845223,1.0,1.0
1.875,1.6345871038277526,4.0,0.0,2.125,1.6345871038277526,4,1,4,0.0,1.125,3.0,3.375,3.5,0.7525766947068778,0.7715431832678268,0.8284426489506733,0.9513190697729192,0.9999999999999999
1.25,1.25,3.75,0.25,2.5,1.5,4,2,2,0.0,0.6373774391990981,2.5495097567963922,2.5495097567963922,2.5495097567963922,0.813733471206735,0.813733471206735,0.813733471206735,0.9534333678016838,1.0
0.75,0.75,3.25,0.75,2.5,1.5,4,2,2,0.0,0.5303300858899106,2.1213203435596424,2.1213203435596424,2.1213203435596424,0.8574929257125441,0.8574929257125441,0.8574929257125441,0.9643732314281358,1.0
0.25,0.25,2.75,1.25,2.5,1.5,4,2,2,0.0,0.6373774391990981,2.5495097567963922,2.5495097567963922,2.5495097567963922,0.9486832980505138,0.9486832980505138,0.9486832980505138,0.9871708245126285,1.0
0.0,0.0,2.125,1.6345871038277526,2.125,1.6345871038277526,4,4,1,0.0,1.125,3.0,3.375,3.5,1.0,1.0,1.0,1.0,1.0
0.0,0.0,3.25,0.75,3.25,0.75,2,2,1,1.5,1.5,1.5,1.5,1.5,1.0,1.0,1.0,1.0,1.0
0.0,0.0,2.75,1.25,2.75,1.25,2,2,1,2.5,2.5,2.5,2.5,2.5,1.0,1.0,1.0,1.0,1.0
1.75,1.75,3.125,1.5155444566227676,1.375,1.5155444566227676,4,2,3,0.0,3.5,3.5,4.587310601229374,4.949747468305833,0.7525766947068778,0.7525766947068778,0.7525766947068778,0.9381441736767193,1.0
1.6666666666666667,1.1785113019775793,3.6666666666666665,0.23570226039551584,2.0,1.4142135623730951,3,1,1,0.0,1.2747548783981961,2.5495097567963922,2.5495097567963922,2.5495097567963922,0.813733471206735,0.813733471206735,0.813733471206735,0.9068667356033675,1.0
1.625,1.243734296383275,3.25,0.75,1.625,1.3863170633011772,4,1,2,0.0,2.1213203435596424,2.310660171779821,2.5,3.5,0.7525766947068778,0.8574929257125441,0.9208099715788205,0.984127017445097,0.9999999999999998
0.875,0.960143218483576,2.625,1.1388041973930374,1.75,1.299038105676658,4,1,1,0.0,2.5495097567963922,2.5495097567963922,2.758697782758741,2.8284271247461903,0.813733471206735,0.9486832980505138,0.952231153386232,0.9557790087219501,1.0
1.0,1.378404875209022,2.3,1.5684387141358123,1.3,1.3638181696985856,5,3,2,0.0,2.5,3.0,3.5,4.949747468305833,0.7525766947068778,0.7788057524582944,0.8574929257125441,0.9960317543612742,1.0
1.0,1.0801234497346435,3.1666666666666665,1.178511301977579,2.1666666666666665,1.3123346456686351,3,1,2,2.5,2.524754878398196,2.5495097567963922,2.8755359377564083,3.2015621187164243,0.847998304005088,0.8983408010278009,0.9486832980505138,0.9603827533119003,0.9720822085732869
0.5,0.7071067811865476,2.8333333333333335,1.649915822768611,2.3333333333333335,1.4337208778404378,3,2,2,1.5,2.5,3.5,3.653943276465977,3.8078865529319543,0.9363291775690445,0.9363291775690445,0.9363291775690445,0.9681645887845223,1.0
0.25,0.25,4.0,0.0,3.75,0.25,2,1,2,0.5,0.5,0.5,0.5,0.5,0.9922778767136677,0.9922778767136677,0.9922778767136677,0.9922778767136677,0.9922778767136677
1.1666666666666667,1.6499158227686108,4.0,0.0,2.8333333333333335,1.649915822768611,3,2,3,0.0,1.75,3.5,3.5,3.5,0.7525766947068778,0.7525766947068778,0.7525766947068778,0.8762883473534389,1.0
0.8333333333333334,1.178511301977579,4.0,0.0,3.1666666666666665,1.178511301977579,3,2,3,0.0,1.25,2.5,2.5,2.5,0.847998304005088,0.847998304005088,0.847998304005088,0.923999152002544,1.0
1.7,1.5684387141358123,3.9,0.19999999999999998,2.2,1.5684387141358123,5,2,4,0.0,1.5811388300841898,2.0615528128088303,3.5,3.5,0.7525766947068778,0.7525766947068778,0.9191450300180578,0.9511248018899604,1.0
1.1,1.1575836902790226,3.5,0.5477225575051661,2.4,1.3564659966250538,5,2,2,0.0,1.5811388300841898,2.23606797749979,2.5495097567963922,2.5495097567963922,0.813733471206735,0.813733471206735,0.9119215051751065,0.9805806756909202,1.0
0.6,0.7348469228349535,2.9,0.9695359714832659,2.3,1.4,5,3,2,0.0,1.8027756377319946,2.1213203435596424,2.1213203435596424,2.5,0.8574929257125441,0.8574929257125441,0.8574929257125441,1.0,1.0
0.2,0.24494897427831783,2.3,1.4352700094407325,2.1,1.562049935181331,5,3,2,0.0,1.118033988749895,2.5495097567963922,2.5495097567963922,3.5,0.9486832980505138,0.9486832980505138,0.9486832980505138,1.0,1.0
0.0,0.0,2.125,1.6345871038277526,2.125,1.6345871038277526,4,4,1,0.0,1.125,3.0,3.375,3.5,1.0,1.0,1.0,1.0,1.0
1.1666666666666667,1.6499158227686108,3.5,0.7071067811865476,2.3333333333333335,1.4337208778404378,3,2,2,1.5,2.5,3.5,3.653943276465977,3.8078865529319543,0.7525766947068778,0.7525766947068778,0.7525766947068778,0.8762883473534389,1.0
1.5,1.541103500742244,3.375,1.0825317547305484,1.875,1.2930100540985752,4,2,3,1.0,2.5,3.0,3.5266504294495533,4.301162633521313,0.7525766947068778,0.7764320970314305,0.847998304005088,0.9523924546783058,1.0
1.0,1.0606601717798212,3.0,1.4577379737113252,2.0,1.3693063937629153,4,2,2,1.118033988749895,1.762377439199098,3.024754878398196,3.7309149146989657,3.905124837953327,0.813733471206735,0.8443823977973124,0.9363291775690445,0.9585888545047677,1.0
1.375,1.340475661845451,3.625,0.649519052838329,2.25,1.5206906325745548,4,1,3,0.5,1.8824118141889064,2.310660171779821,2.875,3.5,0.7525766947068778,0.835705218141141,0.8860897649036529,0.9667669141075133,0.9922778767136677
0.75,1.0307764064044151,3.25,1.0307764064044151,2.5,1.5,4,2,2,0.0,2.5495097567963922,2.5495097567963922,2.5495097567963922,2.8284271247461903,0.813733471206735,0.8474709279176798,0.9486832980505138,0.954005081054091,1.0
0.375,0.649519052838329,2.625,1.340475661845451,2.25,1.5206906325745548,4,3,1,0.5,1.8824118141889064,2.310660171779821,2.875,3.5,0.8574929257125441,0.8574929257125441,0.928746462856272,1.0,1.0
1.5,1.6431676725154984,3.2,1.0295630140987,1.7,1.3638181696985856,5,2,3,0.0,1.762377439199098,3.5,3.8078865529319543,3.905124837953327,0.7525766947068778,0.7525766947068778,0.9221943818285309,0.9486832980505138,1.0
1.0,1.224744871391589,2.7,1.4352700094407325,1.7,1.208304597359457,5,3,2,0.5,2.5,2.8755359377564083,3.5266504294495533,4.301162633521313,0.813733471206735,0.8222996794063233,0.847998304005088,0.9995250575139921,1.0
1.3,1.2884098726725126,2.9,1.319090595827292,1.6,1.319090595827292,5,2,2,1.0,2.076494695496533,2.5,3.463525491562421,4.949747468305833,0.7525766947068778,0.8574929257125441,0.9191450300180578,0.9758764635563129,1.0
1.4,1.3564659966250536,3.1,0.9695359714832659,1.7,1.2489995996796797,5,1,2,1.0,1.7448711169380897,2.5495097567963922,3.222683255873811,3.905124837953327,0.7525766947068778,0.8783095331468532,0.9354388399395224,0.9743802589486776,0.9951448749663183
0.8,1.0295630140987,2.4,1.2806248474865698,1.6,1.2409673645990857,5,3,1,1.0,1.8824118141889064,2.5,3.0385490282364165,3.905124837953327,0.813733471206735,0.8246733348331873,0.8574929257125441,0.9992038196340313,1.0
1.1,1.3190905958272918,2.5,1.378404875209022,1.4,1.319090595827292,5,2,2,1.118033988749895,2.215990257669732,2.524754878398196,3.5,4.949747468305833,0.7525766947068778,0.8574929257125441,0.9354388399395224,0.969311119650593,1.0
1.3,1.4352700094407325,2.7,1.4352700094407325,1.4,1.319090595827292,5,2,2,1.118033988749895,2.5495097567963922,3.164213562373095,3.8038436284649952,4.949747468305833,0.7525766947068778,0.813733471206735,0.9354388399395224,0.954005081054091,1.0
1.5,1.378404875209022,3.0,1.378404875209022,1.5,1.3038404810405297,5,2,3,1.0,2.215990257669732,2.5,3.5,4.949747468305833,0.7525766947068778,0.847998304005088,0.8574929257125441,0.986424633038308,1.0
1.6,1.2806248474865698,3.4,0.9695359714832659,1.8,1.2884098726725126,5,1,3,1.118033988749895,1.625,2.5495097567963922,2.794465944451456,3.905124837953327,0.7525766947068778,0.9256147668286805,0.9425062378097792,0.9634513122929941,0.9993148337667671
1.3333333333333333,1.3123346456686353,3.0833333333333335,1.2720281268728122,1.75,1.4361406616345072,6,2,3,0.5,1.9321642252704123,2.5,3.5,4.949747468305833,0.7525766947068778,0.8210880600787042,0.8795434461109205,0.9922778767136677,1.0
1.3333333333333333,1.3123346456686353,3.1666666666666665,0.8975274678557507,1.8333333333333333,1.3743685418725538,6,2,2,0.5,1.6084946000525449,2.5,2.6889684407712915,3.905124837953327,0.7525766947068778,0.8356131984596396,0.9486832980505138,0.9801570388145249,1.0
1.1428571428571428,1.3014905113063284,2.642857142857143,1.2163847404233143,1.5,1.1952286093343936,7,3,2,1.118033988749895,1.5,2.5,3.5,4.949747468305833,0.7525766947068778,0.813733471206735,0.9486832980505138,0.984127017445097,1.0
0.75,0.9464847243000456,2.3333333333333335,1.3123346456686351,1.5833333333333333,1.1334558757279538,6,3,2,0.5,1.6084946000525449,2.5,2.8755359377564083,4.301162633521313,0.847998304005088,0.8574929257125441,0.9486832980505138,0.9880109059486377,1.0
0.4,0.5830951894845301,2.1,1.5937377450509227,1.7,1.3638181696985856,5,3,2,0.0,1.2135254915624212,2.621046080181822,3.5,3.8078865529319543,0.9363291775690445,0.9394177076894119,0.9486832980505138,0.9998287084416918,1.0
0.16666666666666666,0.23570226039551584,2.8333333333333335,1.649915822768611,2.6666666666666665,1.5456030825826172,3,2,2,0.5,2.0,3.5,3.517766952966369,3.5355339059327378,0.9922778767136677,0.9922778767136677,0.9922778767136677,0.9961389383568339,1.0
1.1666666666666667,1.6499158227686108,4.0,0.0,2.8333333333333335,1.649915822768611,3,2,3,0.0,1.75,3.5,3.5,3.5,0.7525766947068778,0.7525766947068778,0.7525766947068778,0.8762883473534389,1.0
0.8333333333333334,1.178511301977579,3.8333333333333335,0.23570226039551584,3.0,1.4142135623730951,3,2,2,0.0,1.2747548783981961,2.5495097567963922,2.5495097567963922,2.5495097567963922,0.813733471206735,0.813733471206735,0.813733471206735,0.9068667356033675,1.0
1.25,1.4361406616345072,3.625,0.649519052838329,2.375,1.6345871038277526,4,2,3,0.0,2.1213203435596424,2.310660171779821,3.25,3.5,0.7525766947068778,0.7788057524582944,0.8574929257125441,0.9524684945119588,1.0
0.75,1.0307764064044151,3.375,1.0825317547305484,2.625,1.3863170633011772,4,2,3,0.0,2.5,2.524754878398196,2.5495097567963922,3.2015621187164243,0.847998304005088,0.8731695525164445,0.9486832980505138,0.9662324809425935,1.0
0.375,0.649519052838329,3.0,1.4577379737113252,2.625,1.4737282653189494,4,3,2,0.0,1.5811388300841898,2.4676203981669373,3.463525491562421,3.5,0.9191450300180578,0.9191450300180578,0.9595725150090288,1.0,1.0
0.16666666666666666,0.23570226039551584,3.3333333333333335,0.6236095644623235,3.1666666666666665,0.8498365855987975,3,2,1,0.5,0.8090169943749475,1.118033988749895,1.3495864094170424,1.5811388300841898,0.9805806756909202,0.9805806756909202,0.9805806756909202,0.9902903378454602,1.0
1.4,1.7146428199482247,3.2,1.0295630140987,1.8,1.32664991614216,5,3,3,0.0,1.75,3.5,3.8078865529319543,4.301162633521313,0.7525766947068778,0.7525766947068778,0.7525766947068778,1.0,1.0
1.0,1.224744871391589,2.6,1.3564659966250536,1.6,1.2409673645990857,5,3,1,0.0,2.5123774391990983,2.8755359377564083,3.425390529679106,3.905124837953327,0.813733471206735,0.813733471206735,0.813733471206735,1.0,1.0
1.3,1.2884098726725126,2.7,1.2884098726725126,1.4,1.319090595827292,5,2,2,0.0,2.215990257669732,2.5,3.25,4.949747468305833,0.7525766947068778,0.8574929257125441,0.8574929257125441,0.984127017445097,1.0
0.875,0.960143218483576,2.75,1.25,1.875,1.243734296383275,4,1,2,0.0,2.5123774391990983,2.5495097567963922,3.0385490282364165,3.2015621187164243,0.847998304005088,0.9486832980505138,0.9603827533119003,0.9720822085732869,1.0
1.0,1.378404875209022,2.5,1.6431676725154984,1.5,1.378404875209022,5,3,2,0.0,2.384690101169044,3.4270509831248424,3.5,4.949747468305833,0.7525766947068778,0.7942187785346728,0.9191450300180578,0.9877812004724901,1.0
2.0,1.4832396974191326,3.6,0.58309518948453,1.6,1.3190905958272918,5,1,3,0.0,1.2338101990834687,2.392788867148091,3.3541019662496847,3.5,0.7525766947068778,0.8270764890227434,0.8895135238229377,0.9915038251474688,0.9999999999999999
1.3,1.1224972160321824,3.1,0.9695359714832659,1.8,1.1224972160321824,5,2,2,0.5,1.8027756377319946,2.310660171779821,2.537132317597294,3.5355339059327378,0.813733471206735,0.847998304005088,0.8574929257125441,0.9977789921760077,1.0
1.1666666666666667,1.2133516482134197,2.6666666666666665,1.3123346456686351,1.5,1.224744871391589,6,2,2,1.0,1.82134582144651,2.5,3.4270509831248424,4.949747468305833,0.7525766947068778,0.8883189778653009,0.9486832980505138,0.9801570388145249,1.0
0.7,0.9273618495495703,2.4,1.2806248474865698,1.7,1.2489995996796797,5,2,1,1.0,1.70124232576535,2.392788867148091,2.758697782758741,3.905124837953327,0.813733471206735,0.9211119533939582,0.952231153386232,0.9805806756909202,1.0
1.0,1.378404875209022,2.5,1.378404875209022,1.5,1.3038404810405297,5,3,2,1.0,2.215990257669732,2.5,3.5,4.949747468305833,0.7525766947068778,0.7788057524582944,0.8574929257125441,0.9960317543612742,1.0
0.75,1.0307764064044151,2.375,1.4306903927824497,1.625,1.3863170633011772,4,2,1,1.118033988749895,2.5495097567963922,2.6889684407712915,3.3321067811865475,3.905124837953327,0.813733471206735,0.8474709279176798,0.9486832980505138,0.954005081054091,1.0
0.5,0.7071067811865476,2.3333333333333335,1.4337208778404378,1.8333333333333333,1.5456030825826175,3,2,1,2.1213203435596424,2.310660171779821,2.5,3.0,3.5,0.8574929257125441,0.8574929257125441,0.8574929257125441,0.928746462856272,1.0
1.3333333333333333,1.5456030825826175,3.1666666666666665,1.178511301977579,1.8333333333333333,1.5456030825826175,3,1,2,2.5495097567963922,3.024754878398196,3.5,3.7025624189766635,3.905124837953327,0.7525766947068778,0.8373855382677043,0.9221943818285309,0.9354388399395224,0.9486832980505138
1.5,1.541103500742244,3.125,1.5155444566227676,1.625,1.4306903927824497,4,2,3,1.0,2.75,3.5,4.100871975140985,4.949747468305833,0.7525766947068778,0.7764320970314305,0.847998304005088,0.9523924546783058,1.0
1.3333333333333333,1.0274023338281628,3.8333333333333335,0.23570226039551584,2.5,1.224744871391589,3,1,2,1.118033988749895,1.3090169943749475,1.5,2.024754878398196,2.5495097567963922,0.813733471206735,0.8750313243878898,0.9363291775690445,0.9511689621928601,0.9660087468166755
1.375,1.340475661845451,3.5,0.6123724356957945,2.125,1.4306903927824497,4,1,2,0.7071067811865476,1.590990257669732,2.310660171779821,2.9060359488618324,3.5,0.7525766947068778,0.8429778808777996,0.8895641504253047,0.9685041068683391,0.9899494936611665
1.3,1.4352700094407325,3.1,0.9695359714832659,1.8,1.2884098726725126,5,2,2,1.118033988749895,1.762377439199098,2.621046080181822,3.3321067811865475,3.905124837953327,0.7525766947068778,0.813733471206735,0.9354388399395224,0.954005081054091,1.0
1.8125,1.539835624344365,3.0,1.2747548783981961,1.1875,1.1162856937182344,8,3,4,0.0,1.3401686689672951,2.5,3.6012812094883317,4.949747468305833,0.7525766947068778,0.7525766947068778,0.8574929257125441,0.99556247585877,1.0
1.8333333333333333,1.3123346456686351,3.0555555555555554,1.2120791238484128,1.2222222222222223,1.0304020550550783,9,2,4,0.0,1.118033988749895,2.5,3.5,4.949747468305833,0.7525766947068778,0.847998304005088,0.9639306086476185,0.9951448749663183,1.0
1.25,0.9354143466934853,2.75,1.1726039399558574,1.5,1.0897247358851685,8,2,2,0.0,1.4142135623730951,1.8106601717798212,2.585277918489107,3.905124837953327,0.813733471206735,0.8574929257125441,0.9608938777693128,0.996815278536125,1.0
1.2777777777777777,1.2933829696469796,2.6666666666666665,1.224744871391589,1.3888888888888888,1.1732617823301599,9,2,3,0.0,1.4142135623730951,2.5,3.1560359488618324,4.949747468305833,0.7525766947068778,0.8574929257125441,0.9486832980505138,0.984127017445097,1.0
0.75,1.0307764064044151,2.1875,1.2975337182516684,1.4375,1.1301963325015703,8,4,1,0.0,1.118033988749895,2.5495097567963922,2.8284271247461903,3.905124837953327,0.813733471206735,0.813733471206735,0.9486832980505138,1.0,1.0
0.5,0.7071067811865476,1.9166666666666667,1.2388390622765422,1.4166666666666667,1.2047360245667467,6,4,1,0.0,1.4013878188659974,2.1213203435596424,2.5,3.5,0.8574929257125441,0.8574929257125441,0.8574929257125441,1.0,1.0
0.9,1.319090595827292,2.3,1.4352700094407325,1.4,1.319090595827292,5,2,2,0.0,1.4759029307615192,3.024754878398196,3.8038436284649952,4.949747468305833,0.7525766947068778,0.9221943818285309,0.9486832980505138,0.9486832980505138,1.0
0.625,1.0825317547305484,2.25,1.75,1.625,1.4306903927824497,4,3,2,0.0,2.75,3.5,4.100871975140985,4.301162633521313,0.847998304005088,0.847998304005088,0.923999152002544,1.0,1.0
1.6666666666666667,1.4337208778404378,3.8333333333333335,0.23570226039551584,2.1666666666666665,1.4337208778404378,3,1,2,1.5811388300841898,1.82134582144651,2.0615528128088303,2.7807764064044154,3.5,0.7525766947068778,0.8358608623624678,0.9191450300180578,0.9351349159540091,0.9511248018899604
1.0,1.0801234497346435,3.3333333333333335,0.6236095644623235,2.3333333333333335,1.247219128924647,3,1,1,1.5811388300841898,1.90860340379199,2.23606797749979,2.392788867148091,2.5495097567963922,0.813733471206735,0.8628274881909208,0.9119215051751065,0.9462510904330134,0.9805806756909202
1.25,1.4361406616345072,3.0,1.0606601717798212,1.75,1.346291201783626,4,2,2,1.8027756377319946,2.215990257669732,2.5,3.25,4.301162633521313,0.7525766947068778,0.7788057524582944,0.8574929257125441,0.9524684945119588,1.0
1.3,1.4352700094407325,2.8,1.503329637837291,1.5,1.3038404810405297,5,2,3,1.0,2.5123774391990983,3.350781059358212,3.8038436284649952,4.949747468305833,0.7525766947068778,0.847998304005088,0.9354388399395224,0.9662324809425935,1.0
1.5,1.378404875209022,3.1,1.319090595827292,1.6,1.319090595827292,5,2,2,1.0,1.70124232576535,2.9518058615230385,3.5,4.949747468305833,0.7525766947068778,0.813733471206735,0.9191450300180578,0.9704562135196863,1.0
1.6,1.2806248474865698,3.3,0.6782329983125268,1.7,1.2489995996796797,5,1,2,1.0,1.455944879300869,2.178694160529716,2.537132317597294,3.5,0.7525766947068778,0.8598960799021003,0.926831708384972,0.9832404320065529,0.996815278536125
0.9,0.9695359714832659,2.7,1.1224972160321824,1.8,1.1224972160321824,5,2,2,0.5,1.8027756377319946,2.310660171779821,2.537132317597294,3.5355339059327378,0.847998304005088,0.8574929257125441,0.9486832980505138,0.9751608472812863,1.0
0.9166666666666666,1.2720281268728122,2.3333333333333335,1.5456030825826172,1.4166666666666667,1.2720281268728122,6,3,2,0.0,1.82134582144651,3.3541019662496847,3.5,4.949747468305833,0.7525766947068778,0.9191450300180578,0.9486832980505138,0.9738352800674199,1.0
1.3,1.4352700094407325,2.9,1.3190905958272918,1.6,1.319090595827292,5,2,2,1.118033988749895,2.10518160398157,2.9518058615230385,3.5,4.949747468305833,0.7525766947068778,0.813733471206735,0.8895135238229377,0.9805806756909202,1.0
1.0,1.0606601717798212,2.875,0.960143218483576,1.875,1.243734296383275,4,2,1,1.4142135623730951,1.8824118141889064,2.310660171779821,2.537132317597294,3.2015621187164243,0.813733471206735,0.8246733348331873,0.8574929257125441,0.9619846903302297,1.0
1.5,1.5,2.75,1.3768926368215255,1.25,1.25,6,2,3,0.0,2.310660171779821,2.5495097567963922,3.7025624189766635,4.949747468305833,0.7525766947068778,0.8050348102097109,0.9221943818285309,0.9801570388145249,1.0
1.1,1.1575836902790226,2.7,1.4352700094407322,1.6,1.2409673645990857,5,2,2,0.5,2.5123774391990983,2.6889684407712915,3.425390529679106,4.301162633521313,0.813733471206735,0.847998304005088,0.9486832980505138,0.9680064086104526,1.0
0.75,0.75,2.75,1.4361406616345072,2.0,1.3693063937629153,4,2,2,1.5,1.6553300858899105,2.310660171779821,3.25,3.8078865529319543,0.8574929257125441,0.8772019886766692,0.9363291775690445,0.9717426690662857,1.0
0.3333333333333333,0.23570226039551584,3.0,1.0801234497346435,2.6666666666666665,1.247219128924647,3,1,1,0.7071067811865476,1.3535533905932737,2.0,2.274754878398196,2.5495097567963922,0.9486832980505138,0.9662766040752105,0.9838699100999073,0.9869097018805368,0.9899494936611665
1.4,1.7146428199482247,3.0,1.378404875209022,1.6,1.42828568570857,5,3,3,0.0,2.375,3.5,3.8078865529319543,4.949747468305833,0.7525766947068778,0.7525766947068778,0.7525766947068778,1.0,1.0
2.2142857142857144,1.4603605928757766,3.5714285714285716,0.8630747123996123,1.3571428571428572,1.1561724325884748,7,2,5,0.0,1.0,2.5,3.5,4.301162633521313,0.7525766947068778,0.7525766947068778,0.9871905049027117,0.9951448749663183,1.0
1.5,1.0350983390135313,3.0714285714285716,1.1473127431577863,1.5714285714285714,1.1473127431577865,7,2,2,0.0,1.118033988749895,1.5,2.5495097567963922,3.905124837953327,0.813733471206735,0.813733471206735,0.9660087468166755,0.996815278536125,1.0
0.9166666666666666,0.6066758241067098,2.8333333333333335,0.8975274678557508,1.9166666666666667,1.3043729868748775,6,1,2,0.0,0.9571067811865476,1.8027756377319946,2.1213203435596424,2.5495097567963922,0.8574929257125441,0.9146866040947617,0.9761870601839526,0.9864292762022939,0.9999999999999998
0.25,0.25,2.1666666666666665,1.3437096247164249,1.9166666666666667,1.4837078178970713,6,3,2,0.0,0.5590169943749475,2.5495097567963922,2.5495097567963922,3.5,0.9486832980505138,0.9486832980505138,0.9486832980505138,1.0,1.0
0.5833333333333334,1.3043729868748775,2.25,1.75,1.6666666666666667,1.6499158227686108,6,5,3,0.0,1.75,3.5,3.5,4.949747468305833,0.7525766947068778,0.7525766947068778,1.0,1.0,1.0
1.5,1.541103500742244,3.75,0.25,2.25,1.5206906325745548,4,2,2,0.5,1.4635254915624212,2.524754878398196,3.2623774391990983,3.5355339059327378,0.7525766947068778,0.7678658888318421,0.813733471206735,0.9497920240264225,1.0
1.0,1.0606601717798212,3.125,0.649519052838329,2.125,1.243734296383275,4,2,1,1.4142135623730951,1.5,1.8106601717798212,2.442462403487205,2.692582403567252,0.813733471206735,0.8246733348331873,0.8574929257125441,0.9619846903302297,1.0
1.1,1.3190905958272918,2.7,1.1224972160321824,1.6,1.2409673645990857,5,2,2,0.5,1.8824118141889064,2.5,3.2623774391990983,4.301162633521313,0.7525766947068778,0.8574929257125441,0.9354388399395224,0.969311119650593,1.0
1.6875,1.5995604865087159,2.75,1.5206906325745548,1.0625,1.1301963325015703,8,3,4,0.0,1.118033988749895,3.5,3.905124837953327,4.949747468305833,0.7525766947068778,0.7525766947068778,0.9221943818285309,0.9951448749663183,1.0
1.5,1.118033988749895,3.0,1.224744871391589,1.5,1.1547005383792515,6,2,2,0.0,1.4142135623730951,2.5,3.024754878398196,4.301162633521313,0.813733471206735,0.8308658876059115,0.8574929257125441,0.9981002300559686,1.0
1.4166666666666667,1.0960788698304922,3.0833333333333335,0.9753916592266354,1.6666666666666667,1.2133516482134197,6,1,3,0.0,1.5,2.1213203435596424,2.524754878398196,3.905124837953327,0.7525766947068778,0.92903515182883,0.9761870601839526,0.9838370918385648,0.9999999999999998
0.6666666666666666,0.8498365855987975,2.4166666666666665,1.3043729868748772,1.75,1.282900359861721,6,2,1,0.0,1.5590169943749475,2.5495097567963922,2.8284271247461903,3.905124837953327,0.813733471206735,0.9486832980505138,0.9557790087219501,0.9869097018805368,1.0
0.3,0.6,2.0,1.3416407864998738,1.7,1.3638181696985856,5,4,1,0.0,1.625,2.060660171779821,2.5,3.5,0.8574929257125441,0.8574929257125441,1.0,1.0,1.0
1.0,1.4577379737113252,2.75,1.25,1.75,1.346291201783626,4,2,2,0.5,2.5123774391990983,3.024754878398196,3.8038436284649952,4.301162633521313,0.7525766947068778,0.7949811164872911,0.9354388399395224,0.9486832980505138,1.0
1.2,1.5033296378372907,2.5,1.6431676725154984,1.3,1.3638181696985856,5,3,2,0.0,2.787132317597294,3.5,3.905124837953327,4.949747468305833,0.7525766947068778,0.7678658888318421,0.813733471206735,0.9987862187415796,1.0
1.3333333333333333,1.0274023338281628,3.3333333333333335,0.6236095644623235,2.0,1.4142135623730951,3,1,1,1.4142135623730951,1.7677669529663689,2.1213203435596424,2.3354150501780175,2.5495097567963922,0.813733471206735,0.8356131984596396,0.8574929257125441,0.9271541021243346,0.996815278536125
1.375,1.340475661845451,3.0,1.0606601717798212,1.625,1.3863170633011772,4,1,2,1.4142135623730951,2.215990257669732,2.524754878398196,3.2623774391990983,3.905124837953327,0.7525766947068778,0.8736682897415408,0.9354388399395224,0.969311119650593,0.984127017445097
1.3,1.4352700094407325,2.7,1.4352700094407322,1.4,1.3190905958272918,5,2,2,1.118033988749895,2.5495097567963922,3.164213562373095,3.8038436284649952,4.949747468305833,0.7525766947068778,0.813733471206735,0.9354388399395224,0.954005081054091,1.0
1.5,1.378404875209022,2.9,1.319090595827292,1.4,1.3190905958272918,5,2,2,1.118033988749895,2.215990257669732,2.524754878398196,3.5,4.949747468305833,0.7525766947068778,0.813733471206735,0.8574929257125441,0.992390410586013,1.0
1.9166666666666667,1.366768288904727,3.3333333333333335,0.9860132971832695,1.4166666666666667,1.2047360245667467,6,1,4,0.0,1.6084946000525449,2.5,3.350781059358212,3.905124837953327,0.7525766947068778,0.8898436537705374,0.9720822085732869,0.9856587611739043,0.9999999999999999
1.1666666666666667,1.0671873729054748,2.8333333333333335,1.3437096247164249,1.6666666666666667,1.2133516482134197,6,2,2,0.0,1.3090169943749475,2.5495097567963922,3.164213562373095,3.905124837953327,0.813733471206735,0.8750313243878898,0.9486832980505138,0.9660087468166755,1.0
0.7,0.6782329983125268,2.7,1.2884098726725126,2.0,1.449137674618944,5,2,2,0.0,1.8027756377319946,2.1213203435596424,2.5,3.5355339059327378,0.8574929257125441,0.8574929257125441,0.9146866040947617,0.9922778767136677,1.0
0.9,1.319090595827292,3.0,1.224744871391589,2.1,1.562049935181331,5,2,3,0.0,2.5495097567963922,2.5495097567963922,3.5,3.905124837953327,0.7525766947068778,0.9221943818285309,0.9486832980505138,0.9486832980505138,1.0
1.0,1.4433756729740645,2.75,1.6007810593582121,1.75,1.6007810593582121,6,4,3,0.0,2.5495097567963922,3.5,3.7025624189766635,4.949747468305833,0.7525766947068778,0.7831550829568064,0.813733471206735,1.0,1.0
1.5,1.378404875209022,3.6,0.58309518948453,2.1,1.562049935181331,5,2,3,0.0,1.590990257669732,2.310660171779821,2.5495097567963922,3.5,0.7525766947068778,0.813733471206735,0.8574929257125441,0.992390410586013,1.0
0.9,0.9695359714832659,3.1,0.9695359714832659,2.2,1.469693845669907,5,2,2,0.0,1.590990257669732,2.3354150501780175,2.5495097567963922,2.8284271247461903,0.813733471206735,0.8574929257125441,0.9486832980505138,0.971085047318452,1.0
0.4,0.5830951894845301,2.4,1.2806248474865698,2.0,1.449137674618944,5,3,1,0.5,1.51135408121282,2.0914365781842363,2.537132317597294,3.5,0.8574929257125441,0.8802905187970365,0.9486832980505138,0.9940467650459881,1.0
1.5714285714285714,1.6781914463529615,2.9285714285714284,1.3477115902938004,1.3571428571428572,1.2737538928662149,7,3,4,0.0,1.5,3.5,3.905124837953327,4.949747468305833,0.7525766947068778,0.7525766947068778,0.9221943818285309,0.9999999999999999,1.0
1.5714285714285714,1.3997084244475304,2.9285714285714284,1.265717510476382,1.3571428571428572,1.124858267715973,7,3,2,0.0,1.118033988749895,2.5495097567963922,3.5,4.949747468305833,0.7525766947068778,0.813733471206735,0.813733471206735,1.0,1.0
1.1666666666666667,0.8975274678557508,2.5833333333333335,1.0960788698304922,1.4166666666666667,1.1696390706348498,6,2,1,0.0,1.4142135623730951,2.1213203435596424,2.5,3.905124837953327,0.813733471206735,0.8574929257125441,0.8574929257125441,0.9984076392680623,1.0
0.6,0.48989794855663565,2.2,0.9797958971132712,1.6,1.2000000000000002,5,1,1,0.0,0.3535533905932738,1.4142135623730951,2.442462403487205,2.5495097567963922,0.8574929257125441,0.9486832980505138,0.9761870601839526,0.9940467650459881,1.0
0.6666666666666666,1.2801909579781015,1.8333333333333333,1.5723301886761007,1.1666666666666667,1.2801909579781015,6,4,2,0.0,1.118033988749895,3.5,3.7025624189766635,4.949747468305833,0.7525766947068778,0.8373855382677043,0.9486832980505138,1.0,1.0
0.8333333333333334,1.178511301977579,2.8333333333333335,1.649915822768611,2.0,1.4719601443879744,3,2,2,2.5,3.0,3.5,3.9005813167606567,4.301162633521313,0.847998304005088,0.847998304005088,0.847998304005088,0.923999152002544,1.0
0.75,0.75,3.75,0.25,3.0,1.0,2,1,1,1.5811388300841898,1.5811388300841898,1.5811388300841898,1.5811388300841898,1.5811388300841898,0.9191450300180578,0.9191450300180578,0.9191450300180578,0.9191450300180578,0.9191450300180578
1.3333333333333333,1.5456030825826175,3.5,0.7071067811865476,2.1666666666666665,1.4337208778404378,3,1,2,1.5811388300841898,2.4676203981669373,3.3541019662496847,3.4270509831248424,3.5,0.7525766947068778,0.8098411185888232,0.8671055424707688,0.9238431090808445,0.9805806756909202
1.5,1.541103500742244,3.25,1.0307764064044151,1.75,1.346291201783626,4,2,2,1.118033988749895,2.5123774391990983,2.8755359377564083,3.425390529679106,4.301162633521313,0.7525766947068778,0.7678658888318421,0.813733471206735,0.9497920240264225,1.0
1.0,1.0606601717798212,2.75,1.4361406616345072,1.75,1.346291201783626,4,2,2,1.8027756377319946,2.215990257669732,2.5,3.25,4.301162633521313,0.847998304005088,0.850371959431952,0.8574929257125441,0.9642492952131281,1.0
0.6666666666666666,0.6236095644623235,3.0,1.0801234497346435,2.3333333333333335,1.247219128924647,3,1,1,1.5811388300841898,1.90860340379199,2.23606797749979,2.392788867148091,2.5495097567963922,0.9191450300180578,0.9339141640342858,0.9486832980505138,0.9726145281476966,0.9965457582448795
1.5,1.6431676725154984,3.0,1.378404875209022,1.5,1.378404875209022,5,2,3,0.0,2.384690101169044,3.4270509831248424,3.5,4.949747468305833,0.7525766947068778,0.7525766947068778,0.8671055424707688,0.9805806756909202,1.0
1.25,1.25,3.125,0.960143218483576,1.875,1.243734296383275,4,2,1,0.0,2.5123774391990983,2.5495097567963922,3.0385490282364165,3.2015621187164243,0.813733471206735,0.813733471206735,0.813733471206735,0.9534333678016838,1.0
1.6666666666666667,1.4337208778404378,2.9166666666666665,1.2720281268728122,1.25,1.25,6,2,3,0.0,2.310660171779821,2.5,3.5,4.949747468305833,0.7525766947068778,0.8050348102097109,0.8574929257125441,0.984127017445097,1.0
1.2,1.0770329614269007,2.9,1.1575836902790226,1.7,1.16619037896906,5,1,2,0.0,2.5123774391990983,2.5495097567963922,2.8284271247461903,3.2015621187164243,0.813733471206735,0.9486832980505138,0.9557790087219501,0.9720822085732869,1.0
1.0833333333333333,1.2720281268728124,2.5,1.5,1.4166666666666667,1.2720281268728122,6,3,2,0.0,2.0914365781842363,2.5,3.5,4.949747468305833,0.7525766947068778,0.8574929257125441,0.9191450300180578,0.9874785927446978,1.0
1.75,1.4648663192705789,3.25,0.9464847243000456,1.5,1.224744871391589,6,1,3,0.0,1.3495864094170424,2.5495097567963922,3.4270509831248424,3.905124837953327,0.7525766947068778,0.8671055424707688,0.9221943818285309,0.9864292762022939,0.9999999999999999
1.4285714285714286,1.3477115902938004,2.7857142857142856,1.2494896917525644,1.3571428571428572,1.124858267715973,7,3,2,0.0,1.4142135623730951,2.5,3.5,4.949747468305833,0.7525766947068778,0.813733471206735,0.8574929257125441,0.996815278536125,1.0
1.3571428571428572,1.2163847404233143,2.642857142857143,1.2163847404233143,1.2857142857142858,1.129384878631564,7,2,2,0.0,1.4142135623730951,2.5,2.8284271247461903,4.949747468305833,0.7525766947068778,0.8574929257125441,0.9486832980505138,0.984127017445097,1.0
0.8333333333333334,0.8975274678557507,2.25,1.2162099599438687,1.4166666666666667,1.1696390706348498,6,2,1,0.0,1.4142135623730951,2.5,2.6889684407712915,3.905124837953327,0.813733471206735,0.9030881118815289,0.9486832980505138,0.9761870601839526,1.0
1.5625,1.5699820858850588,2.625,1.4947825928876748,1.0625,1.1301963325015703,8,3,4,0.0,1.9445436482630056,3.024754878398196,3.905124837953327,4.949747468305833,0.7525766947068778,0.7525766947068778,0.9221943818285309,0.984127017445097,1.0
1.3333333333333333,1.1785113019775793,2.75,1.282900359861721,1.4166666666666667,1.1696390706348498,6,2,1,0.0,1.8337718727731436,2.5495097567963922,3.164213562373095,3.905124837953327,0.813733471206735,0.813733471206735,0.9486832980505138,0.977889504360975,1.0
1.3333333333333333,1.1785113019775793,2.6666666666666665,1.1785113019775793,1.3333333333333333,1.2133516482134197,6,2,2,0.0,2.1213203435596424,2.5,2.5,4.949747468305833,0.7525766947068778,0.8574929257125441,0.8574929257125441,0.9920635087225484,1.0
1.25,1.282900359861721,2.6666666666666665,1.178511301977579,1.4166666666666667,1.1696390706348498,6,1,2,0.0,1.8337718727731436,2.5495097567963922,3.164213562373095,3.905124837953327,0.7525766947068778,0.9221943818285309,0.9486832980505138,0.9754619418441342,1.0
1.0714285714285714,1.3477115902938006,2.2142857142857144,1.5551100755055172,1.1428571428571428,1.1866605518454392,7,4,2,0.0,2.1213203435596424,2.5495097567963922,3.905124837953327,4.949747468305833,0.7525766947068778,0.813733471206735,0.8574929257125441,1.0,1.0
1.9166666666666667,1.366768288904727,3.25,0.9464847243000456,1.3333333333333333,1.2133516482134197,6,1,3,0.0,1.4142135623730951,2.5,3.164213562373095,3.905124837953327,0.7525766947068778,0.8898436537705374,0.9557790087219501,0.9896359462057076,0.9999999999999999
1.5,1.2817398889233114,2.7857142857142856,1.2494896917525644,1.2857142857142858,1.129384878631564,7,2,2,0.0,1.4142135623730951,2.5495097567963922,3.5,4.949747468305833,0.7525766947068778,0.813733471206735,0.9486832980505138,0.9951448749663183,1.0
1.0,0.9128709291752769,2.5,1.2583057392117916,1.5,1.1547005383792515,6,2,2,0.0,1.6084946000525449,2.1213203435596424,2.524754878398196,4.301162633521313,0.847998304005088,0.8574929257125441,0.9486832980505138,0.9880109059486377,1.0
1.0,1.224744871391589,2.5,1.3844373104863459,1.5,1.224744871391589,6,2,2,0.0,1.82134582144651,2.5495097567963922,3.5,4.949747468305833,0.7525766947068778,0.9206697059232943,0.9486832980505138,0.9738352800674199,1.0
0.6,0.9695359714832658,2.2,1.4696938456699067,1.6,1.3190905958272918,5,3,1,0.0,2.0615528128088303,2.392788867148091,3.5,3.905124837953327,0.813733471206735,0.8382804796988279,0.9805806756909202,0.9951451689227301,1.0
0.5,0.7071067811865476,2.6666666666666665,1.0274023338281628,2.1666666666666665,1.3123346456686351,3,2,1,1.8027756377319946,1.9620479906458184,2.1213203435596424,2.310660171779821,2.5,0.8574929257125441,0.8574929257125441,0.8574929257125441,0.928746462856272,1.0
0.16666666666666666,0.23570226039551584,2.0,1.4719601443879744,1.8333333333333333,1.5456030825826175,3,2,1,1.118033988749895,1.8337718727731436,2.5495097567963922,3.024754878398196,3.5,0.9486832980505138,0.9486832980505138,0.9486832980505138,0.9743416490252569,1.0
1.75,1.75,3.125,1.5155444566227676,1.375,1.5155444566227676,4,2,3,0.0,3.5,3.5,4.587310601229374,4.949747468305833,0.7525766947068778,0.7525766947068778,0.7525766947068778,0.9381441736767193,1.0
1.6666666666666667,1.1785113019775793,3.6666666666666665,0.23570226039551584,2.0,1.4142135623730951,3,1,1,0.0,1.2747548783981961,2.5495097567963922,2.5495097567963922,2.5495097567963922,0.813733471206735,0.813733471206735,0.813733471206735,0.9068667356033675,1.0
1.0,0.7071067811865476,3.0,0.7071067811865476,2.0,1.4142135623730951,3,1,1,0.0,1.0606601717798212,2.1213203435596424,2.1213203435596424,2.1213203435596424,0.8574929257125441,0.8574929257125441,0.8574929257125441,0.9287464628562719,0.9999999999999998
0.3333333333333333,0.23570226039551584,2.3333333333333335,1.178511301977579,2.0,1.4142135623730951,3,1,1,0.0,1.2747548783981961,2.5495097567963922,2.5495097567963922,2.5495097567963922,0.9486832980505138,0.9486832980505138,0.9486832980505138,0.9743416490252569,1.0
0.0,0.0,1.6666666666666667,1.6499158227686108,1.6666666666666667,1.6499158227686108,3,3,1,0.0,1.75,3.5,3.5,3.5,1.0,1.0,1.0,1.0,1.0
1.75,1.75,4.0,0.0,2.25,1.75,2,1,2,3.5,3.5,3.5,3.5,3.5,0.7525766947068778,0.7525766947068778,0.7525766947068778,0.7525766947068778,0.7525766947068778
2.375,1.4306903927824497,4.0,0.0,1.625,1.4306903927824497,4,1,4,0.0,1.0,1.75,3.25,3.5,0.7525766947068778,0.7764320970314305,0.9175944044538998,0.9871905049027117,0.9999999999999999
2.0,1.1832159566199232,3.8,0.24494897427831783,1.8,1.2083045973594573,5,1,3,0.5,1.0295084971874737,1.3495864094170424,2.3903882032022077,3.5,0.7525766947068778,0.8657849855083304,0.9640124096431111,0.9879553041885083,0.9981002300559686
1.8571428571428572,1.2737538928662149,3.5,0.6546536707079771,1.6428571428571428,1.1866605518454392,7,1,4,0.0,1.4142135623730951,2.0,2.5,3.5,0.7525766947068778,0.8671055424707688,0.9417419115948374,0.984127017445097,0.9999999999999999
1.375,1.243734296383275,3.0625,1.0135796712641785,1.6875,1.2231491119238078,8,2,3,0.0,1.4142135623730951,2.5,2.8284271247461903,4.301162633521313,0.7525766947068778,0.8502303565220763,0.9486832980505138,0.9922778767136677,1.0
1.0555555555555556,1.2120791238484128,2.5555555555555554,1.3630937940428107,1.5,1.35400640077266,9,4,3,0.0,1.4142135623730951,2.5,3.5,4.949747468305833,0.7525766947068778,0.8574929257125441,0.9486832980505138,0.99556247585877,1.0
1.0625,1.2358574958303243,2.6875,1.2975337182516684,1.625,1.3863170633011772,8,3,3,0.0,1.4142135623730951,2.5495097567963922,3.5,4.949747468305833,0.7525766947068778,0.8574929257125441,0.9486832980505138,0.9781720494992387,1.0
0.6428571428571429,0.9147320339189784,2.357142857142857,1.4321384039831015,1.7142857142857142,1.4603605928757766,7,4,2,0.0,1.4142135623730951,2.5495097567963922,3.5,3.905124837953327,0.813733471206735,0.8574929257125441,0.9486832980505138,1.0,1.0
0.9166666666666666,1.2720281268728124,2.75,1.3768926368215255,1.8333333333333333,1.5456030825826175,6,3,3,0.0,2.1213203435596424,2.5495097567963922,3.5,4.949747468305833,0.7525766947068778,0.8574929257125441,0.9486832980505138,0.9801570388145249,1.0
0.6,0.9695359714832659,2.7,1.4352700094407325,2.1,1.562049935181331,5,3,2,0.0,2.5495097567963922,2.5495097567963922,3.3321067811865475,3.905124837953327,0.813733471206735,0.8474709279176798,0.9486832980505138,0.9889447521804875,1.0
1.4166666666666667,1.565691185671328,3.0833333333333335,1.2720281268728122,1.6666666666666667,1.4907119849998596,6,3,3,0.0,2.310660171779821,3.0,3.517766952966369,4.949747468305833,0.7525766947068778,0.7525766947068778,0.8574929257125441,0.9920635087225484,1.0
1.7857142857142858,1.4603605928757766,3.2857142857142856,0.880630571852711,1.5,1.1952286093343936,7,2,3,0.0,1.118033988749895,2.5495097567963922,3.5,3.905124837953327,0.7525766947068778,0.813733471206735,0.9486832980505138,0.9951448749663183,1.0
1.1428571428571428,1.0594569267279519,2.642857142857143,1.2163847404233143,1.5,1.0690449676496976,7,3,2,0.0,1.8027756377319946,2.1213203435596424,2.5495097567963922,4.301162633521313,0.813733471206735,0.847998304005088,0.8574929257125441,0.9998347517133227,1.0
1.0714285714285714,1.1473127431577865,2.5714285714285716,1.3477115902938004,1.5,1.1952286093343936,7,2,3,0.0,1.5,2.5,3.5,4.949747468305833,0.7525766947068778,0.9221943818285309,0.9486832980505138,0.9835471662320328,1.0
0.5833333333333334,0.8858454843945541,2.3333333333333335,1.5456030825826172,1.75,1.4361406616345072,6,3,2,0.0,1.5897934007793626,2.5495097567963922,3.517766952966369,3.905124837953327,0.813733471206735,0.9141133720807171,0.9557790087219501,0.9922778767136677,1.0
0.375,0.649519052838329,2.625,1.340475661845451,2.25,1.5206906325745548,4,3,1,0.5,1.8824118141889064,2.310660171779821,2.875,3.5,0.8574929257125441,0.8574929257125441,0.928746462856272,1.0,1.0
1.5,1.6431676725154984,3.2,1.0295630140987,1.7,1.3638181696985856,5,2,3,0.0,1.762377439199098,3.5,3.8078865529319543,3.905124837953327,0.7525766947068778,0.7525766947068778,0.9221943818285309,0.9486832980505138,1.0
1.0,1.224744871391589,2.6,1.3564659966250538,1.6,1.2409673645990857,5,3,1,0.0,2.5123774391990983,2.8755359377564083,3.425390529679106,3.905124837953327,0.813733471206735,0.813733471206735,0.813733471206735,1.0,1.0
0.75,0.75,2.375,1.243734296383275,1.625,1.3863170633011772,4,2,1,0.0,2.1213203435596424,2.310660171779821,2.5,3.5,0.8574929257125441,0.8574929257125441,0.8574929257125441,0.9643732314281358,1.0
1.125,1.3863170633011772,2.75,1.25,1.625,1.3863170633011772,4,1,2,0.0,2.5495097567963922,3.024754878398196,3.8038436284649952,3.905124837953327,0.7525766947068778,0.9221943818285309,0.9354388399395224,0.9486832980505138,1.0
0.625,1.0825317547305484,2.25,1.75,1.625,1.4306903927824497,4,3,2,0.0,2.75,3.5,4.100871975140985,4.301162633521313,0.847998304005088,0.847998304005088,0.923999152002544,1.0,1.0
0.75,0.75,4.0,0.0,3.25,0.75,2,1,2,1.5,1.5,1.5,1.5,1.5,0.9363291775690445,0.9363291775690445,0.9363291775690445,0.9363291775690445,0.9363291775690445
0.25,0.25,3.75,0.25,3.5,0.5,2,1,1,0.7071067811865476,0.7071067811865476,0.7071067811865476,0.7071067811865476,0.7071067811865476,0.9899494936611665,0.9899494936611665,0.9899494936611665,0.9899494936611665,0.9899494936611665
1.75,1.75,3.625,0.649519052838329,1.875,1.4737282653189494,4,2,3,0.0,2.0,3.5,3.7309149146989657,3.8078865529319543,0.7525766947068778,0.7525766947068778,0.7525766947068778,0.9381441736767193,1.0
1.7,1.4352700094407325,3.3,0.9273618495495703,1.6,1.2409673645990857,5,2,2,0.0,1.4635254915624212,2.5495097567963922,3.2015621187164243,4.301162633521313,0.7525766947068778,0.813733471206735,0.813733471206735,0.9951448749663183,1.0
1.1,0.9695359714832659,2.6,1.2,1.5,1.2649110640673518,5,2,1,0.0,1.590990257669732,2.310660171779821,2.537132317597294,3.905124837953327,0.813733471206735,0.8574929257125441,0.8574929257125441,0.996815278536125,1.0
1.5833333333333333,1.4264368973853074,2.9166666666666665,1.1334558757279536,1.3333333333333333,1.2133516482134197,6,1,3,0.0,1.7677669529663689,2.5495097567963922,3.7025624189766635,3.905124837953327,0.7525766947068778,0.9221943818285309,0.9486832980505138,0.9801570388145249,1.0
0.9166666666666666,1.1334558757279536,2.3333333333333335,1.5456030825826172,1.4166666666666667,1.2047360245667467,6,3,2,0.0,1.8090169943749475,2.8284271247461903,3.7025624189766635,4.301162633521313,0.813733471206735,0.847998304005088,0.9486832980505138,0.9850912193146277,1.0
0.75,0.75,2.75,1.4361406616345072,2.0,1.3693063937629153,4,2,2,1.5,1.6553300858899105,2.310660171779821,3.25,3.8078865529319543,0.8574929257125441,0.8772019886766692,0.9363291775690445,0.9717426690662857,1.0
1.6,1.5620499351813308,3.5,1.0,1.9,1.5297058540778354,5,1,4,0.0,2.5123774391990983,3.0,3.5,3.905124837953327,0.7525766947068778,0.8284426489506733,0.9221943818285309,0.9726063312808186,0.9999999999999999
1.0,1.224744871391589,3.1,1.319090595827292,2.1,1.562049935181331,5,3,2,0.0,2.5495097567963922,2.5495097567963922,3.5,3.905124837953327,0.813733471206735,0.813733471206735,0.813733471206735,1.0,1.0
0.75,0.75,3.125,0.649519052838329,2.375,1.3863170633011772,4,2,1,0.0,0.8256939094329987,1.8027756377319946,2.0416841671027304,2.1213203435596424,0.8574929257125441,0.8574929257125441,0.8574929257125441,0.9643732314281358,1.0
0.25,0.25,2.375,1.0231690964840563,2.125,1.243734296383275,4,2,1,0.0,1.118033988749895,1.3090169943749475,2.287132317597294,2.5495097567963922,0.9486832980505138,0.9486832980505138,0.9486832980505138,0.9871708245126285,1.0
0.7,1.4,2.1,1.5937377450509227,1.4,1.3564659966250538,5,4,2,0.0,1.375,3.5,4.100871975140985,4.949747468305833,0.7525766947068778,0.7525766947068778,1.0,1.0,1.0
0.8333333333333334,1.178511301977579,2.6666666666666665,1.5456030825826172,1.8333333333333333,1.5456030825826175,3,2,1,2.5495097567963922,3.024754878398196,3.5,3.7025624189766635,3.905124837953327,0.813733471206735,0.813733471206735,0.813733471206735,0.9068667356033675,1.0
2.125,1.4737282653189494,3.625,0.649519052838329,1.5,1.4577379737113252,4,1,3,0.0,2.215990257669732,2.5,3.25,3.5,0.7525766947068778,0.7788057524582944,0.9208099715788205,0.984127017445097,0.9999999999999999
1.375,1.1388041973930374,3.125,0.960143218483576,1.75,1.299038105676658,4,1,1,0.0,2.5495097567963922,2.5495097567963922,2.758697782758741,2.8284271247461903,0.813733471206735,0.8474709279176798,0.952231153386232,0.9557790087219501,1.0
1.3,1.2884098726725126,2.7,1.2884098726725126,1.4,1.319090595827292,5,2,2,0.0,2.215990257669732,2.5,3.25,4.949747468305833,0.7525766947068778,0.8574929257125441,0.8574929257125441,0.984127017445097,1.0
0.875,0.960143218483576,2.625,1.1388041973930374,1.75,1.299038105676658,4,1,1,0.0,2.5495097567963922,2.5495097567963922,2.758697782758741,2.8284271247461903,0.813733471206735,0.9486832980505138,0.952231153386232,0.9557790087219501,1.0
0.375,0.649519052838329,1.875,1.4737282653189494,1.5,1.4577379737113252,4,3,1,0.0,2.215990257669732,2.5,3.25,3.5,0.8574929257125441,0.8574929257125441,0.928746462856272,1.0,1.0
0.25,0.25,2.75,1.25,2.5,1.5,2,1,1,2.5495097567963922,2.5495097567963922,2.5495097567963922,2.5495097567963922,2.5495097567963922,0.9486832980505138,0.9486832980505138,0.9486832980505138,0.9486832980505138,0.9486832980505138
1.1666666666666667,1.6499158227686108,2.8333333333333335,1.649915822768611,1.6666666666666667,1.6499158227686108,3,2,2,3.5,3.5,3.5,4.224873734152917,4.949747468305833,0.7525766947068778,0.7525766947068778,0.7525766947068778,0.8762883473534389,1.0
1.25,1.25,3.75,0.25,2.5,1.5,2,1,1,2.5495097567963922,2.5495097567963922,2.5495097567963922,2.5495097567963922,2.5495097567963922,0.813733471206735,0.813733471206735,0.813733471206735,0.813733471206735,0.813733471206735
1.6666666666666667,1.4337208778404378,3.5,0.7071067811865476,1.8333333333333333,1.5456030825826175,3,1,2,2.1213203435596424,2.310660171779821,2.5,3.0,3.5,0.7525766947068778,0.8050348102097109,0.8574929257125441,0.9208099715788205,0.984127017445097
1.0,1.0801234497346435,3.0,1.0801234497346435,2.0,1.4142135623730951,3,1,1,2.5495097567963922,2.5495097567963922,2.5495097567963922,2.6889684407712915,2.8284271247461903,0.813733471206735,0.8812083846286244,0.9486832980505138,0.952231153386232,0.9557790087219501
1.25,1.4361406616345072,2.75,1.4361406616345072,1.5,1.4577379737113252,4,2,2,2.1213203435596424,2.5,3.0,3.5,4.949747468305833,0.7525766947068778,0.7788057524582944,0.8574929257125441,0.9524684945119588,1.0
1.0,1.0801234497346435,3.0,1.0801234497346435,2.0,1.4142135623730951,3,1,1,2.5495097567963922,2.5495097567963922,2.5495097567963922,2.6889684407712915,2.8284271247461903,0.813733471206735,0.8812083846286244,0.9486832980505138,0.952231153386232,0.9557790087219501
0.5,0.7071067811865476,2.3333333333333335,1.4337208778404378,1.8333333333333333,1.5456030825826175,3,2,1,2.1213203435596424,2.310660171779821,2.5,3.0,3.5,0.8574929257125441,0.8574929257125441,0.8574929257125441,0.928746462856272,1.0
1.3333333333333333,1.5456030825826175,3.1666666666666665,1.178511301977579,1.8333333333333333,1.5456030825826175,3,1,2,2.5495097567963922,3.024754878398196,3.5,3.7025624189766635,3.905124837953327,0.7525766947068778,0.8373855382677043,0.9221943818285309,0.9354388399395224,0.9486832980505138
0.8333333333333334,1.178511301977579,2.8333333333333335,1.649915822768611,2.0,1.4719601443879744,3,2,2,2.5,3.0,3.5,3.9005813167606567,4.301162633521313,0.847998304005088,0.847998304005088,0.847998304005088,0.923999152002544,1.0
1.6666666666666667,1.4337208778404378,4.0,0.0,2.3333333333333335,1.4337208778404378,3,1,3,1.5,1.75,2.0,2.75,3.5,0.7525766947068778,0.8442263082680035,0.9358759218291293,0.9361025496990869,0.9363291775690445
1.0,1.0801234497346435,4.0,0.0,3.0,1.0801234497346435,3,1,3,0.5,1.25,2.0,2.25,2.5,0.847998304005088,0.8775932692079522,0.9071882344108163,0.9497330555622421,0.9922778767136677
1.25,1.4361406616345072,3.75,0.25,2.5,1.3693063937629153,4,2,2,0.5,1.5202847075210475,1.82134582144651,3.1403882032022077,3.5355339059327378,0.7525766947068778,0.7942187785346728,0.9191450300180578,0.9431298589219848,1.0
1.6666666666666667,1.5456030825826172,3.4166666666666665,0.6718548123582125,1.75,1.25,6,2,3,0.0,1.3090169943749475,2.5495097567963922,3.4270509831248424,3.8078865529319543,0.7525766947068778,0.7831550829568064,0.8671055424707688,0.9878627753286193,1.0
1.0833333333333333,1.1334558757279536,2.8333333333333335,1.0671873729054748,1.75,1.0307764064044151,6,3,2,0.0,1.8027756377319946,2.5,2.8755359377564083,3.5355339059327378,0.813733471206735,0.847998304005088,0.8574929257125441,0.9989674908846456,1.0
1.0,1.1952286093343936,2.357142857142857,1.4321384039831015,1.3571428571428572,1.1866605518454392,7,3,2,0.0,1.5811388300841898,2.5,3.5,4.949747468305833,0.7525766947068778,0.8574929257125441,0.9486832980505138,0.984127017445097,1.0
1.75,1.541103500742244,3.0,1.2747548783981961,1.25,1.14564392373896,8,2,4,0.0,1.118033988749895,3.0912645454979373,3.6012812094883317,4.949747468305833,0.7525766947068778,0.813733471206735,0.9221943818285309,0.9929946262768304,1.0
1.7777777777777777,1.3766124103737631,3.0,1.1785113019775793,1.2222222222222223,1.0304020550550783,9,3,3,0.0,1.118033988749895,2.5,3.5,4.949747468305833,0.7525766947068778,0.813733471206735,0.9208099715788205,0.996815278536125,1.0
1.25,0.9354143466934853,2.5625,1.0734727523323542,1.3125,1.0288798520721456,8,2,1,0.0,1.4142135623730951,1.7677669529663689,2.5495097567963922,3.905124837953327,0.813733471206735,0.8574929257125441,0.9659830344529514,0.996815278536125,1.0
1.0,1.0897247358851685,2.25,1.1726039399558574,1.25,1.0606601717798212,8,2,2,0.0,1.3401686689672951,2.1213203435596424,2.5495097567963922,4.949747468305833,0.7525766947068778,0.9221943818285309,0.9486832980505138,0.9781720494992387,1.0
0.875,1.2686114456365274,2.0,1.479019945774904,1.125,1.1110243021644486,8,4,2,0.0,1.118033988749895,2.6889684407712915,3.905124837953327,4.949747468305833,0.7525766947068778,0.813733471206735,0.9486832980505138,0.9963586562247387,1.0
1.25,1.3768926368215255,2.5,1.5,1.25,1.25,6,3,2,0.0,2.310660171779821,2.5495097567963922,3.7025624189766635,4.949747468305833,0.7525766947068778,0.813733471206735,0.8574929257125441,0.9959800767512217,1.0
1.6,1.2806248474865698,3.1,0.9695359714832659,1.5,1.2649110640673518,5,1,2,1.118033988749895,1.590990257669732,2.524754878398196,2.758697782758741,3.905124837953327,0.7525766947068778,0.8736682897415408,0.952231153386232,0.982142028129811,0.996815278536125
1.3333333333333333,1.3123346456686353,2.6666666666666665,1.3123346456686351,1.3333333333333333,1.2133516482134197,6,2,2,1.118033988749895,1.7677669529663689,2.5495097567963922,3.5,4.949747468305833,0.7525766947068778,0.8356131984596396,0.9486832980505138,0.9801570388145249,1.0
1.3333333333333333,1.3123346456686351,2.6666666666666665,1.3123346456686351,1.3333333333333333,1.2133516482134197,6,2,2,1.118033988749895,1.7677669529663689,2.5495097567963922,3.5,4.949747468305833,0.7525766947068778,0.8356131984596396,0.9486832980505138,0.9801570388145249,1.0
0.9,0.9695359714832659,2.5,1.378404875209022,1.6,1.2409673645990857,5,2,2,1.118033988749895,1.8824118141889064,2.5,3.0385490282364165,4.301162633521313,0.847998304005088,0.8574929257125441,0.9486832980505138,0.9751608472812863,1.0
1.1,1.319090595827292,2.8,1.503329637837291,1.7,1.3638181696985856,5,2,3,1.118033988749895,2.1373774391990983,3.096291201783626,3.7309149146989657,4.949747468305833,0.7525766947068778,0.9256147668286805,0.9363291775690445,0.9486832980505138,1.0
0.75,1.0307764064044151,3.0,1.4577379737113252,2.25,1.5206906325745548,4,2,2,0.5,2.1835420488057204,3.024754878398196,3.5266504294495533,3.905124837953327,0.813733471206735,0.8301859649327814,0.9359106614122941,0.9922778767136677,1.0
0.5,0.7071067811865476,3.5,0.7071067811865476,3.0,1.4142135623730951,3,2,2,0.0,1.0606601717798212,2.1213203435596424,2.1213203435596424,2.1213203435596424,0.8574929257125441,0.8574929257125441,0.8574929257125441,0.928746462856272,1.0
1.0,1.4577379737113252,3.375,1.0825317547305484,2.375,1.6345871038277526,4,2,3,0.0,2.5495097567963922,3.024754878398196,3.5,3.905124837953327,0.7525766947068778,0.7949811164872911,0.9354388399395224,0.9486832980505138,1.0
1.2,1.5033296378372907,3.3,1.4000000000000001,2.1,1.5937377450509227,5,3,4,0.0,2.5,3.5,3.5,4.949747468305833,0.7525766947068778,0.7764320970314305,0.847998304005088,0.9967976262256779,1.0
1.0,1.0606601717798212,3.875,0.21650635094610965,2.875,1.243734296383275,4,2,3,0.0,1.2135254915624212,1.5,2.287132317597294,2.5495097567963922,0.813733471206735,0.8443823977973124,0.9363291775690445,0.9585888545047677,1.0
0.5,0.6123724356957945,3.5,0.6123724356957945,3.0,1.224744871391589,4,2,2,0.0,0.7071067811865476,1.0606601717798214,1.9445436482630056,2.1213203435596424,0.8574929257125441,0.8735285380689244,0.9557924343996158,0.9899494936611665,1.0
0.8,1.3638181696985858,3.2,1.0295630140987,2.4,1.4628738838327795,5,3,3,0.0,1.5,2.5495097567963922,3.5,3.905124837953327,0.7525766947068778,0.7949811164872911,0.9486832980505138,0.9871708245126285,1.0
0.5,1.0,2.6,1.3564659966250536,2.1,1.392838827718412,5,4,1,0.5,2.125,2.524754878398196,3.151171589037318,3.905124837953327,0.813733471206735,0.813733471206735,1.0,1.0,1.0
1.0,1.378404875209022,2.7,1.2884098726725126,1.7,1.3638181696985856,5,3,2,1.5,2.0303300858899105,2.5,3.5,4.949747468305833,0.7525766947068778,0.7788057524582944,0.8574929257125441,0.9960317543612742,1.0
0.75,1.0307764064044151,2.75,1.25,2.0,1.1726039399558574,4,2,2,0.5,2.5,2.524754878398196,3.0385490282364165,3.5355339059327378,0.847998304005088,0.8731695525164445,0.9486832980505138,0.9662324809425935,1.0
0.375,0.649519052838329,2.25,1.75,1.875,1.4737282653189494,4,3,2,0.0,2.0,3.5,3.7309149146989657,3.8078865529319543,0.9363291775690445,0.9363291775690445,0.9681645887845223,1.0,1.0
0.25,0.25,3.75,0.25,3.5,0.5,2,1,1,0.7071067811865476,0.7071067811865476,0.7071067811865476,0.7071067811865476,0.7071067811865476,0.9899494936611665,0.9899494936611665,0.9899494936611665,0.9899494936611665,0.9899494936611665
1.75,1.75,3.625,0.649519052838329,1.875,1.4737282653189494,4,2,3,0.0,2.0,3.5,3.7309149146989657,3.8078865529319543,0.7525766947068778,0.7525766947068778,0.7525766947068778,0.9381441736767193,1.0
1.25,1.25,3.25,1.0307764064044151,2.0,1.1726039399558574,4,2,2,0.5,2.5,2.524754878398196,3.0385490282364165,3.5355339059327378,0.813733471206735,0.8222996794063233,0.847998304005088,0.9605747485432485,1.0
0.75,0.75,2.625,1.340475661845451,1.875,1.340475661845451,4,2,1,1.0,1.7161842084530528,2.310660171779821,3.1405764746872635,3.5,0.8574929257125441,0.8729059517889225,0.9191450300180578,0.9729088835377385,1.0
1.125,1.3863170633011772,3.0,1.0606601717798212,1.875,1.340475661845451,4,1,2,1.0,1.8232315617622403,2.9518058615230385,3.463525491562421,3.905124837953327,0.7525766947068778,0.8808777523102093,0.9354388399395224,0.9726063312808186,0.9922778767136677
0.625,1.0825317547305484,2.5,1.541103500742244,1.875,1.2930100540985752,4,3,2,1.0,2.5,3.0,3.5266504294495533,4.301162633521313,0.847998304005088,0.847998304005088,0.923999152002544,1.0,1.0
1.25,1.4361406616345072,3.0,1.4577379737113252,1.75,1.4361406616345072,4,2,2,1.5811388300841898,2.384690101169044,3.4270509831248424,3.5,4.949747468305833,0.7525766947068778,0.7942187785346728,0.9191450300180578,0.9431298589219848,1.0
2.0,1.4832396974191326,3.6,0.58309518948453,1.6,1.3190905958272918,5,1,3,0.0,1.2338101990834687,2.392788867148091,3.3541019662496847,3.5,0.7525766947068778,0.8270764890227434,0.8895135238229377,0.9915038251474688,0.9999999999999999
1.3,1.1224972160321824,3.0,0.8944271909999159,1.7,1.16619037896906,5,2,1,0.0,1.51135408121282,2.310660171779821,2.5495097567963922,3.2015621187164243,0.813733471206735,0.813733471206735,0.8574929257125441,0.996815278536125,1.0
1.1666666666666667,1.2133516482134197,2.5,1.2583057392117916,1.3333333333333333,1.2133516482134197,6,2,2,0.0,1.7677669529663689,2.5,3.024754878398196,4.949747468305833,0.7525766947068778,0.8574929257125441,0.9486832980505138,0.9801570388145249,1.0
0.7,0.9273618495495703,2.3,1.4352700094407325,1.6,1.2409673645990857,5,2,2,0.0,1.4635254915624212,2.5495097567963922,3.2015621187164243,4.301162633521313,0.847998304005088,0.9486832980505138,0.9486832980505138,0.9720822085732869,1.0
0.375,0.649519052838329,2.125,1.6345871038277526,1.75,1.4361406616345072,4,3,1,0.0,2.0243796141255634,3.3541019662496847,3.463525491562421,3.5,0.9191450300180578,0.9191450300180578,0.9595725150090288,1.0,1.0
1.3333333333333333,1.5456030825826175,3.5,0.7071067811865476,2.1666666666666665,1.4337208778404378,3,1,2,1.5811388300841898,2.4676203981669373,3.3541019662496847,3.4270509831248424,3.5,0.7525766947068778,0.8098411185888232,0.8671055424707688,0.9238431090808445,0.9805806756909202
1.5,1.541103500742244,3.25,1.0307764064044151,1.75,1.346291201783626,4,2,2,1.118033988749895,2.5123774391990983,2.8755359377564083,3.425390529679106,4.301162633521313,0.7525766947068778,0.7678658888318421,0.813733471206735,0.9497920240264225,1.0
1.0,1.0606601717798212,2.75,1.4361406616345072,1.75,1.346291201783626,4,2,2,1.8027756377319946,2.215990257669732,2.5,3.25,4.301162633521313,0.847998304005088,0.850371959431952,0.8574929257125441,0.9642492952131281,1.0
0.6666666666666666,0.6236095644623235,3.0,1.0801234497346435,2.3333333333333335,1.247219128924647,3,1,1,1.5811388300841898,1.90860340379199,2.23606797749979,2.392788867148091,2.5495097567963922,0.9191450300180578,0.9339141640342858,0.9486832980505138,0.9726145281476966,0.9965457582448795
1.0,1.4577379737113252,2.75,1.4361406616345072,1.75,1.4361406616345072,4,2,2,1.5811388300841898,2.384690101169044,3.4270509831248424,3.5,4.949747468305833,0.7525766947068778,0.7812089066478506,0.9238431090808445,0.9805806756909202,1.0
0.8333333333333334,1.178511301977579,3.1666666666666665,1.178511301977579,2.3333333333333335,1.178511301977579,3,2,2,2.5,2.5,2.5,3.017766952966369,3.5355339059327378,0.847998304005088,0.847998304005088,0.847998304005088,0.923999152002544,1.0
0.5,0.7071067811865476,2.8333333333333335,1.649915822768611,2.3333333333333335,1.4337208778404378,3,2,2,1.5,2.5,3.5,3.653943276465977,3.8078865529319543,0.9363291775690445,0.9363291775690445,0.9363291775690445,0.9681645887845223,1.0
0.25,0.25,4.0,0.0,3.75,0.25,2,1,2,0.5,0.5,0.5,0.5,0.5,0.9922778767136677,0.9922778767136677,0.9922778767136677,0.9922778767136677,0.9922778767136677
1.1666666666666667,1.6499158227686108,4.0,0.0,2.8333333333333335,1.649915822768611,3,2,3,0.0,1.75,3.5,3.5,3.5,0.7525766947068778,0.7525766947068778,0.7525766947068778,0.8762883473534389,1.0
0.8333333333333334,1.178511301977579,3.8333333333333335,0.23570226039551584,3.0,1.4142135623730951,3,2,2,0.0,1.2747548783981961,2.5495097567963922,2.5495097567963922,2.5495097567963922,0.813733471206735,0.813733471206735,0.813733471206735,0.9068667356033675,1.0
1.25,1.4361406616345072,3.625,0.649519052838329,2.375,1.6345871038277526,4,2,3,0.0,2.1213203435596424,2.310660171779821,3.25,3.5,0.7525766947068778,0.7788057524582944,0.8574929257125441,0.9524684945119588,1.0
0.75,1.0307764064044151,3.125,0.960143218483576,2.375,1.3863170633011772,4,2,1,0.5,2.1711646096066226,2.524754878398196,2.5495097567963922,2.8284271247461903,0.813733471206735,0.8474709279176798,0.9486832980505138,0.954005081054091,1.0
1.0,1.378404875209022,2.7,1.2884098726725126,1.7,1.3638181696985856,5,3,2,1.5,2.0303300858899105,2.5,3.5,4.949747468305833,0.7525766947068778,0.7788057524582944,0.8574929257125441,0.9960317543612742,1.0
1.3,1.4352700094407325,2.9,1.1575836902790226,1.6,1.2409673645990857,5,2,2,0.5,2.5123774391990983,2.6889684407712915,3.425390529679106,4.301162633521313,0.7525766947068778,0.813733471206735,0.9354388399395224,0.954005081054091,1.0
0.8,1.0295630140987,2.3,1.5684387141358123,1.5,1.3038404810405297,5,3,2,0.0,2.215990257669732,2.5,3.5,4.301162633521313,0.847998304005088,0.850371959431952,0.8574929257125441,0.9999586879283306,1.0
0.6666666666666666,0.6236095644623235,3.0,1.0801234497346435,2.3333333333333335,1.247219128924647,3,1,1,1.5811388300841898,1.90860340379199,2.23606797749979,2.392788867148091,2.5495097567963922,0.9191450300180578,0.9339141640342858,0.9486832980505138,0.9726145281476966,0.9965457582448795
1.0,1.4577379737113252,2.75,1.4361406616345072,1.75,1.4361406616345072,4,2,2,1.5811388300841898,2.384690101169044,3.4270509831248424,3.5,4.949747468305833,0.7525766947068778,0.7812089066478506,0.9238431090808445,0.9805806756909202,1.0
0.8333333333333334,1.178511301977579,3.0,1.0801234497346435,2.1666666666666665,1.3123346456686351,3,2,1,2.5,2.524754878398196,2.5495097567963922,2.8755359377564083,3.2015621187164243,0.813733471206735,0.813733471206735,0.813733471206735,0.9068667356033675,1.0
0.5,0.7071067811865476,2.3333333333333335,1.4337208778404378,1.8333333333333333,1.5456030825826175,3,2,1,2.1213203435596424,2.310660171779821,2.5,3.0,3.5,0.8574929257125441,0.8574929257125441,0.8574929257125441,0.928746462856272,1.0
0.25,0.25,2.75,1.25,2.5,1.5,2,1,1,2.5495097567963922,2.5495097567963922,2.5495097567963922,2.5495097567963922,2.5495097567963922,0.9486832980505138,0.9486832980505138,0.9486832980505138,0.9486832980505138,0.9486832980505138
1.75,1.75,3.125,1.5155444566227676,1.375,1.5155444566227676,4,2,3,0.0,3.5,3.5,4.587310601229374,4.949747468305833,0.7525766947068778,0.7525766947068778,0.7525766947068778,0.9381441736767193,1.0
1.6666666666666667,1.1785113019775793,3.6666666666666665,0.23570226039551584,2.0,1.4142135623730951,3,1,1,0.0,1.2747548783981961,2.5495097567963922,2.5495097567963922,2.5495097567963922,0.813733471206735,0.813733471206735,0.813733471206735,0.9068667356033675,1.0
2.0,1.3416407864998738,3.4,0.7348469228349535,1.4,1.319090595827292,5,1,3,0.0,2.1213203435596424,2.5,2.5,3.5,0.7525766947068778,0.8574929257125441,0.984127017445097,0.984127017445097,0.9999999999999999
1.2,1.077032961426901,3.0,1.224744871391589,1.8,1.1224972160321824,5,1,3,0.0,2.5,2.5495097567963922,3.2015621187164243,3.2015621187164243,0.847998304005088,0.9486832980505138,0.9720822085732869,0.9720822085732869,1.0000000000000002
1.0833333333333333,1.2720281268728124,2.75,1.6007810593582121,1.6666666666666667,1.3123346456686351,6,3,3,0.0,1.790569415042095,3.3541019662496847,3.653943276465977,4.949747468305833,0.7525766947068778,0.9191450300180578,0.9363291775690445,0.9750307058693228,1.0
1.4,1.3564659966250536,3.6,0.58309518948453,2.2,1.3638181696985856,5,1,3,0.5,1.5202847075210475,2.1488103951543103,2.8873774391990983,3.5,0.7525766947068778,0.8381083723306971,0.8957324756430135,0.9893535764579809,0.9973337235915659
1.25,1.3768926368215255,3.25,0.9464847243000456,2.0,1.4433756729740645,6,3,3,0.0,1.9620479906458184,2.5,2.8755359377564083,4.301162633521313,0.7525766947068778,0.813733471206735,0.8574929257125441,0.9959800767512217,1.0
0.75,0.9464847243000456,2.5833333333333335,1.2388390622765422,1.8333333333333333,1.3743685418725535,6,3,1,0.5,1.6084946000525449,2.5,2.6889684407712915,3.905124837953327,0.813733471206735,0.8574929257125441,0.9486832980505138,0.9865011693600387,1.0
0.9166666666666666,1.2720281268728124,2.5,1.2583057392117916,1.5833333333333333,1.2720281268728124,6,3,2,1.118033988749895,1.5,2.5,3.5,4.949747468305833,0.7525766947068778,0.8574929257125441,0.9486832980505138,0.9801570388145249,1.0
0.6,0.9695359714832659,2.2,1.3266499161421599,1.6,1.2409673645990857,5,3,1,0.5,1.4635254915624212,2.5495097567963922,3.1082783702238657,3.905124837953327,0.813733471206735,0.8474709279176798,0.9486832980505138,0.9889447521804875,1.0
0.375,0.649519052838329,1.875,1.4737282653189494,1.5,1.4577379737113252,4,3,1,0.0,2.215990257669732,2.5,3.25,3.5,0.8574929257125441,0.8574929257125441,0.928746462856272,1.0,1.0
0.25,0.25,2.75,1.25,2.5,1.5,2,1,1,2.5495097567963922,2.5495097567963922,2.5495097567963922,2.5495097567963922,2.5495097567963922,0.9486832980505138,0.9486832980505138,0.9486832980505138,0.9486832980505138,0.9486832980505138
2.1,1.7146428199482247,3.3,1.4000000000000001,1.2,1.4,5,2,4,0.0,0.875,3.5,4.587310601229374,4.949747468305833,0.7525766947068778,0.7525766947068778,0.7525766947068778,0.9999999999999999,1.0
1.875,1.0825317547305484,3.75,0.25,1.875,1.243734296383275,4,1,2,0.0,0.5,1.5,2.537132317597294,2.5495097567963922,0.813733471206735,0.8222996794063233,0.9230492670305284,0.9981002300559686,1.0
1.6,1.1135528725660044,3.3,0.6782329983125268,1.7,1.2489995996796797,5,1,2,0.0,1.1452847075210475,2.0914365781842363,2.4053300858899105,3.5,0.7525766947068778,0.8729059517889225,0.9676259096675287,0.9891543803944983,0.9999999999999998
0.8,0.8717797887081347,2.6,1.019803902718557,1.8,1.1661903789690602,5,1,1,0.0,1.1452847075210475,2.392788867148091,2.5495097567963922,2.8284271247461903,0.813733471206735,0.9486832980505138,0.9557790087219501,0.9893535764579809,1.0
0.3,0.6,1.8,1.32664991614216,1.5,1.3038404810405297,5,4,1,0.0,1.2006939094329987,2.310660171779821,2.5,3.5,0.8574929257125441,0.8574929257125441,1.0,1.0,1.0
1.0,1.4577379737113252,2.5,1.541103500742244,1.5,1.4577379737113252,4,2,2,1.118033988749895,2.787132317597294,3.5,3.8038436284649952,4.949747468305833,0.7525766947068778,0.7949811164872911,0.9354388399395224,0.9486832980505138,1.0
0.8333333333333334,1.178511301977579,2.6666666666666665,1.5456030825826172,1.8333333333333333,1.5456030825826175,3,2,1,2.5495097567963922,3.024754878398196,3.5,3.7025624189766635,3.905124837953327,0.813733471206735,0.813733471206735,0.813733471206735,0.9068667356033675,1.0
1.6666666666666667,1.4337208778404378,3.5,0.7071067811865476,1.8333333333333333,1.5456030825826175,3,1,2,2.1213203435596424,2.310660171779821,2.5,3.0,3.5,0.7525766947068778,0.8050348102097109,0.8574929257125441,0.9208099715788205,0.984127017445097
1.625,1.4306903927824497,3.375,1.0825317547305484,1.75,1.346291201783626,4,1,3,1.0,2.5123774391990983,2.8755359377564083,3.425390529679106,3.905124837953327,0.7525766947068778,0.8665473234609486,0.9354388399395224,0.9662324809425935,0.9871905049027117
1.5,1.378404875209022,3.1,1.319090595827292,1.6,1.319090595827292,5,2,2,1.0,1.70124232576535,2.9518058615230385,3.5,4.949747468305833,0.7525766947068778,0.813733471206735,0.9191450300180578,0.9704562135196863,1.0
1.125,0.960143218483576,3.125,0.649519052838329,2.0,1.224744871391589,4,1,1,1.0,1.455944879300869,1.851229586821916,2.207381069014753,2.5495097567963922,0.813733471206735,0.8711000705781847,0.926831708384972,0.9708709846668995,0.996815278536125
0.5,0.6123724356957945,2.375,1.0231690964840563,1.875,1.243734296383275,4,2,1,0.5,1.51135408121282,1.9620479906458184,2.4053300858899105,2.5495097567963922,0.8574929257125441,0.8802905187970365,0.9486832980505138,0.969311119650593,1.0
0.8,1.3638181696985856,2.1,1.5937377450509227,1.3,1.3638181696985856,5,3,2,0.0,1.4759029307615192,3.5,3.8038436284649952,4.949747468305833,0.7525766947068778,0.7949811164872911,0.9486832980505138,0.9871708245126285,1.0
0.8333333333333334,1.178511301977579,2.8333333333333335,1.649915822768611,2.0,1.4719601443879744,3,2,2,2.5,3.0,3.5,3.9005813167606567,4.301162633521313,0.847998304005088,0.847998304005088,0.847998304005088,0.923999152002544,1.0
0.75,0.75,4.0,0.0,3.25,0.75,2,1,2,1.5,1.5,1.5,1.5,1.5,0.9363291775690445,0.9363291775690445,0.9363291775690445,0.9363291775690445,0.9363291775690445
1.3333333333333333,1.5456030825826175,4.0,0.0,2.6666666666666665,1.5456030825826172,3,1,3,0.5,1.75,3.0,3.25,3.5,0.7525766947068778,0.7905096718287756,0.8284426489506733,0.9103602628321705,0.9922778767136677
1.5,1.541103500742244,3.875,0.21650635094610965,2.375,1.6345871038277526,4,2,3,0.0,1.4759029307615192,2.5495097567963922,3.2623774391990983,3.5,0.7525766947068778,0.7678658888318421,0.813733471206735,0.9497920240264225,1.0
1.0,1.0606601717798212,3.5,0.6123724356957945,2.5,1.5,4,2,2,0.0,1.590990257669732,2.1213203435596424,2.442462403487205,2.5495097567963922,0.813733471206735,0.8246733348331873,0.8574929257125441,0.9619846903302297,1.0
1.5,1.5,3.3333333333333335,0.9860132971832694,1.8333333333333333,1.5456030825826175,6,2,4,0.0,2.1213203435596424,2.5495097567963922,3.5,3.905124837953327,0.7525766947068778,0.8050348102097109,0.9221943818285309,0.9801570388145249,1.0
0.9166666666666666,1.1334558757279536,2.8333333333333335,1.343709624716425,1.9166666666666667,1.4837078178970713,6,3,2,0.0,2.5495097567963922,2.5495097567963922,3.164213562373095,3.905124837953327,0.813733471206735,0.813733471206735,0.9486832980505138,0.977889504360975,1.0
0.6,0.7348469228349535,2.7,1.2884098726725126,2.1,1.562049935181331,5,3,2,0.0,2.1213203435596424,2.1213203435596424,2.5,3.5,0.8574929257125441,0.8574929257125441,0.8574929257125441,1.0,1.0
1.3333333333333333,1.5456030825826175,3.1666666666666665,1.178511301977579,1.8333333333333333,1.5456030825826175,6,2,4,0.0,2.5495097567963922,3.5,3.7025624189766635,3.905124837953327,0.7525766947068778,0.8373855382677043,0.9221943818285309,0.9486832980505138,1.0
0.8333333333333334,1.178511301977579,2.5833333333333335,1.4837078178970713,1.75,1.4361406616345072,6,4,1,0.0,2.5,3.0,3.7025624189766635,3.905124837953327,0.813733471206735,0.813733471206735,0.813733471206735,1.0,1.0
1.3,1.2884098726725126,3.1,0.7348469228349535,1.8,1.2884098726725126,5,2,2,0.0,1.5,2.1213203435596424,2.5,3.8078865529319543,0.7525766947068778,0.8574929257125441,0.8574929257125441,0.984127017445097,1.0
0.7,0.9273618495495703,2.5,1.224744871391589,1.8,1.1224972160321824,5,2,2,0.0,1.0,2.524754878398196,3.0385490282364165,3.5355339059327378,0.847998304005088,0.9486832980505138,0.9486832980505138,0.9720822085732869,1.0
0.3,0.6,1.9,1.7146428199482247,1.6,1.42828568570857,5,4,2,0.0,0.375,3.5,3.7309149146989657,3.8078865529319543,0.9363291775690445,0.9363291775690445,1.0,1.0,1.0
1.3333333333333333,1.5456030825826175,4.0,0.0,2.6666666666666665,1.5456030825826172,3,1,3,0.5,1.75,3.0,3.25,3.5,0.7525766947068778,0.7905096718287756,0.8284426489506733,0.9103602628321705,0.9922778767136677
0.8333333333333334,1.178511301977579,3.8333333333333335,0.23570226039551584,3.0,1.4142135623730951,3,2,2,0.0,1.2747548783981961,2.5495097567963922,2.5495097567963922,2.5495097567963922,0.813733471206735,0.813733471206735,0.813733471206735,0.9068667356033675,1.0
0.5,0.7071067811865476,3.5,0.7071067811865476,3.0,1.4142135623730951,3,2,2,0.0,1.0606601717798212,2.1213203435596424,2.1213203435596424,2.1213203435596424,0.8574929257125441,0.8574929257125441,0.8574929257125441,0.928746462856272,1.0
0.16666666666666666,0.23570226039551584,3.1666666666666665,1.178511301977579,3.0,1.4142135623730951,3,2,2,0.0,1.2747548783981961,2.5495097567963922,2.5495097567963922,2.5495097567963922,0.9486832980505138,0.9486832980505138,0.9486832980505138,0.9743416490252569,1.0
0.0,0.0,2.8333333333333335,1.649915822768611,2.8333333333333335,1.649915822768611,3,3,2,0.0,1.75,3.5,3.5,3.5,1.0,1.0,1.0,1.0,1.0
0.0,0.0,4.0,0.0,4.0,0.0,2,2,2,0.0,0.0,0.0,0.0,0.0,1.0,1.0,1.0,1.0,1.0
1.1666666666666667,1.6499158227686108,4.0,0.0,2.8333333333333335,1.649915822768611,3,2,3,0.0,1.75,3.5,3.5,3.5,0.7525766947068778,0.7525766947068778,0.7525766947068778,0.8762883473534389,1.0
0.8333333333333334,1.178511301977579,3.6666666666666665,0.23570226039551584,2.8333333333333335,1.3123346456686351,3,2,1,0.5,1.5,2.5,2.524754878398196,2.5495097567963922,0.813733471206735,0.813733471206735,0.813733471206735,0.9068667356033675,1.0
1.25,1.4361406616345072,3.25,0.75,2.0,1.3693063937629153,4,2,2,1.5,1.6553300858899105,2.310660171779821,3.25,3.8078865529319543,0.7525766947068778,0.7788057524582944,0.8574929257125441,0.9524684945119588,1.0
1.3,1.4352700094407325,3.0,1.224744871391589,1.7,1.208304597359457,5,2,3,0.5,2.5,2.8755359377564083,3.5266504294495533,4.301162633521313,0.7525766947068778,0.847998304005088,0.9354388399395224,0.9662324809425935,1.0
0.8,1.0295630140987,2.5,1.6431676725154984,1.7,1.3638181696985856,5,3,2,0.0,1.762377439199098,3.5,3.8078865529319543,3.905124837953327,0.813733471206735,0.8443823977973124,0.9363291775690445,0.9915021867041689,1.0
0.6666666666666666,0.6236095644623235,3.5,0.7071067811865476,2.8333333333333335,1.3123346456686351,3,1,2,0.5,1.1513878188659974,1.8027756377319946,1.9620479906458184,2.1213203435596424,0.8574929257125441,0.8860897649036529,0.9146866040947617,0.9534822404042147,0.9922778767136677
0.16666666666666666,0.23570226039551584,3.0,1.0801234497346435,2.8333333333333335,1.3123346456686351,3,2,1,0.5,1.2807764064044151,2.0615528128088303,2.305531284802611,2.5495097567963922,0.9486832980505138,0.9486832980505138,0.9486832980505138,0.9743416490252569,1.0
0.875,1.5155444566227676,2.75,1.4361406616345072,1.875,1.4737282653189494,4,3,2,1.5,2.375,3.5,3.7309149146989657,4.949747468305833,0.7525766947068778,0.7525766947068778,0.8762883473534389,1.0,1.0
1.5,1.541103500742244,3.375,1.0825317547305484,1.875,1.2930100540985752,4,2,3,1.0,2.5,3.0,3.5266504294495533,4.301162633521313,0.7525766947068778,0.7764320970314305,0.847998304005088,0.9523924546783058,1.0
1.5,1.378404875209022,3.2,1.3638181696985856,1.7,1.3638181696985856,5,2,3,1.118033988749895,1.625,3.024754878398196,3.7309149146989657,4.949747468305833,0.7525766947068778,0.813733471206735,0.9361025496990869,0.9585888545047677,1.0
1.125,0.960143218483576,3.5,0.6123724356957945,2.375,1.3863170633011772,4,1,2,0.5,1.51135408121282,1.9321642252704123,2.1063784608719396,2.5495097567963922,0.813733471206735,0.8630055558121382,0.897115025102841,0.9728800585589412,0.996815278536125
1.5,1.5,3.25,0.9464847243000456,1.75,1.4361406616345072,6,2,3,0.0,1.9321642252704123,2.5,3.517766952966369,3.905124837953327,0.7525766947068778,0.8050348102097109,0.9221943818285309,0.9801570388145249,1.0
1.7777777777777777,1.5295444331040227,3.0555555555555554,1.2120791238484128,1.2777777777777777,1.1331154474650633,9,3,4,0.0,1.118033988749895,2.692582403567252,3.8078865529319543,4.949747468305833,0.7525766947068778,0.7984442770817707,0.9354388399395224,0.9951448749663183,1.0
1.5555555555555556,1.2347839317162705,2.888888888888889,1.1732617823301599,1.3333333333333333,1.0,9,3,3,0.0,1.4142135623730951,2.310660171779821,3.2015621187164243,4.949747468305833,0.7525766947068778,0.8394320958054997,0.9208099715788205,0.9971365164160858,1.0
1.2777777777777777,1.1083298524033334,2.6666666666666665,1.224744871391589,1.3888888888888888,1.0743933114340953,9,2,3,0.0,1.4142135623730951,2.310660171779821,2.7265435838619863,4.949747468305833,0.7525766947068778,0.9221943818285309,0.9557790087219501,0.984127017445097,1.0
0.6875,0.8267972847076845,2.25,1.3693063937629153,1.5625,1.2854352375751958,8,3,2,0.0,1.3401686689672951,2.5,2.8284271247461903,3.905124837953327,0.813733471206735,0.9059008145988015,0.952231153386232,0.9922778767136677,1.0
0.3333333333333333,0.5527707983925667,2.1666666666666665,1.4624940645653537,1.8333333333333333,1.5456030825826175,6,4,2,0.0,1.266123775561495,2.5,3.024754878398196,3.5,0.8574929257125441,0.9030881118815289,0.9486832980505138,1.0,1.0
0.125,0.21650635094610965,2.5,1.541103500742244,2.375,1.6345871038277526,4,3,2,0.0,1.4759029307615192,2.5495097567963922,3.2623774391990983,3.5,0.9486832980505138,0.9486832980505138,0.9743416490252569,1.0,1.0
0.875,1.5155444566227676,3.0,1.4577379737113252,2.125,1.6345871038277526,4,3,2,0.5,3.125,3.5,3.5266504294495533,4.949747468305833,0.7525766947068778,0.7525766947068778,0.8762883473534389,1.0,1.0
0.8333333333333334,1.178511301977579,3.3333333333333335,0.6236095644623235,2.5,1.224744871391589,3,2,1,1.5,2.024754878398196,2.5495097567963922,2.621046080181822,2.692582403567252,0.813733471206735,0.813733471206735,0.813733471206735,0.9068667356033675,1.0
0.5,0.7071067811865476,2.6666666666666665,1.0274023338281628,2.1666666666666665,1.3123346456686351,3,2,1,1.8027756377319946,1.9620479906458184,2.1213203435596424,2.310660171779821,2.5,0.8574929257125441,0.8574929257125441,0.8574929257125441,0.928746462856272,1.0
1.0,1.4577379737113252,2.5,1.541103500742244,1.5,1.4577379737113252,4,2,2,1.118033988749895,2.787132317597294,3.5,3.8038436284649952,4.949747468305833,0.7525766947068778,0.7949811164872911,0.9354388399395224,0.9486832980505138,1.0
0.8333333333333334,1.178511301977579,2.6666666666666665,1.5456030825826172,1.8333333333333333,1.5456030825826175,3,2,1,2.5495097567963922,3.024754878398196,3.5,3.7025624189766635,3.905124837953327,0.813733471206735,0.813733471206735,0.813733471206735,0.9068667356033675,1.0
1.6666666666666667,1.4337208778404378,3.5,0.7071067811865476,1.8333333333333333,1.5456030825826175,3,1,2,2.1213203435596424,2.310660171779821,2.5,3.0,3.5,0.7525766947068778,0.8050348102097109,0.8574929257125441,0.9208099715788205,0.984127017445097
1.0,1.0801234497346435,3.1666666666666665,1.178511301977579,2.1666666666666665,1.3123346456686351,3,1,2,2.5,2.524754878398196,2.5495097567963922,2.8755359377564083,3.2015621187164243,0.847998304005088,0.8983408010278009,0.9486832980505138,0.9603827533119003,0.9720822085732869
0.5,0.7071067811865476,2.6666666666666665,1.5456030825826172,2.1666666666666665,1.4337208778404378,3,2,1,1.5811388300841898,2.4676203981669373,3.3541019662496847,3.4270509831248424,3.5,0.9191450300180578,0.9191450300180578,0.9191450300180578,0.9595725150090288,1.0
1.3333333333333333,1.5456030825826175,3.5,0.7071067811865476,2.1666666666666665,1.4337208778404378,3,1,2,1.5811388300841898,2.4676203981669373,3.3541019662496847,3.4270509831248424,3.5,0.7525766947068778,0.8098411185888232,0.8671055424707688,0.9238431090808445,0.9805806756909202
0.8333333333333334,1.178511301977579,3.0,1.0801234497346435,2.1666666666666665,1.3123346456686351,3,2,1,2.5,2.524754878398196,2.5495097567963922,2.8755359377564083,3.2015621187164243,0.813733471206735,0.813733471206735,0.813733471206735,0.9068667356033675,1.0
0.5,0.7071067811865476,2.3333333333333335,1.4337208778404378,1.8333333333333333,1.5456030825826175,3,2,1,2.1213203435596424,2.310660171779821,2.5,3.0,3.5,0.8574929257125441,0.8574929257125441,0.8574929257125441,0.928746462856272,1.0
0.25,0.25,2.75,1.25,2.5,1.5,2,1,1,2.5495097567963922,2.5495097567963922,2.5495097567963922,2.5495097567963922,2.5495097567963922,0.9486832980505138,0.9486832980505138,0.9486832980505138,0.9486832980505138,0.9486832980505138
1.1666666666666667,1.6499158227686108,2.8333333333333335,1.649915822768611,1.6666666666666667,1.6499158227686108,3,2,2,3.5,3.5,3.5,4.224873734152917,4.949747468305833,0.7525766947068778,0.7525766947068778,0.7525766947068778,0.8762883473534389,1.0
2.0,1.4719601443879744,4.0,0.0,2.0,1.4719601443879744,3,1,3,1.0,1.75,2.5,3.0,3.5,0.7525766947068778,0.800287499355983,0.847998304005088,0.9175944044538998,0.9871905049027117
1.3333333333333333,1.0274023338281628,4.0,0.0,2.6666666666666665,1.0274023338281628,3,1,3,1.0,1.25,1.5,2.0,2.5,0.847998304005088,0.8921637407870663,0.9363291775690445,0.9582148919950947,0.9801006064211448
0.6666666666666666,0.6236095644623235,4.0,0.0,3.3333333333333335,0.6236095644623235,3,1,3,0.5,0.75,1.0,1.25,1.5,0.9363291775690445,0.9544897043388882,0.9726502311087319,0.9824640539111998,0.9922778767136677
0.16666666666666666,0.23570226039551584,3.8333333333333335,0.23570226039551584,3.6666666666666665,0.4714045207910317,3,2,2,0.0,0.3535533905932738,0.7071067811865476,0.7071067811865476,0.7071067811865476,0.9899494936611665,0.9899494936611665,0.9899494936611665,0.9949747468305832,1.0
1.4,1.7146428199482247,3.7,0.6,2.3,1.5684387141358123,5,3,4,0.0,1.5,3.5,3.5,3.8078865529319543,0.7525766947068778,0.7525766947068778,0.7525766947068778,1.0,1.0
1.0,1.224744871391589,3.3,0.9273618495495703,2.3,1.4000000000000001,5,3,2,0.0,2.5,2.5495097567963922,2.5495097567963922,3.2015621187164243,0.813733471206735,0.813733471206735,0.813733471206735,1.0,1.0
1.0833333333333333,1.2720281268728124,2.9166666666666665,1.2720281268728122,1.8333333333333333,1.5456030825826175,6,3,3,0.0,2.1213203435596424,2.5,3.5,4.949747468305833,0.7525766947068778,0.8574929257125441,0.8574929257125441,0.9920635087225484,1.0
1.5,1.4880476182856899,3.2142857142857144,1.0973065354098013,1.7142857142857142,1.4603605928757766,7,2,4,0.0,2.5495097567963922,2.5495097567963922,3.5,3.905124837953327,0.7525766947068778,0.813733471206735,0.9486832980505138,0.9557790087219501,1.0
0.9285714285714286,1.1157499537009505,2.642857142857143,1.4321384039831015,1.7142857142857142,1.4603605928757766,7,4,2,0.0,2.1213203435596424,2.5495097567963922,3.5,3.905124837953327,0.813733471206735,0.813733471206735,0.8574929257125441,1.0,1.0
0.7,0.6782329983125268,2.9,0.9695359714832659,2.2,1.469693845669907,5,2,2,0.0,1.4142135623730951,2.1213203435596424,2.1213203435596424,2.5495097567963922,0.8574929257125441,0.8574929257125441,0.9486832980505138,0.9761870601839526,1.0
0.2,0.24494897427831783,2.2,1.32664991614216,2.0,1.449137674618944,5,3,1,0.0,1.118033988749895,2.0615528128088303,2.5495097567963922,3.5,0.9486832980505138,0.9486832980505138,0.9486832980505138,1.0,1.0
0.0,0.0,1.875,1.4737282653189494,1.875,1.4737282653189494,4,4,1,0.0,1.625,2.0,3.125,3.5,1.0,1.0,1.0,1.0,1.0
2.1,1.7146428199482247,3.5,1.0,1.4,1.3564659966250538,5,2,4,0.0,0.625,3.5,4.100871975140985,4.301162633521313,0.7525766947068778,0.7525766947068778,0.7525766947068778,0.9999999999999999,1.0
1.8333333333333333,1.3437096247164249,3.1666666666666665,1.2133516482134197,1.3333333333333333,1.2133516482134197,6,2,2,0.0,1.118033988749895,2.5495097567963922,3.7025624189766635,4.949747468305833,0.7525766947068778,0.813733471206735,0.813733471206735,0.9975724374831592,1.0
1.4,0.8,3.0,0.6324555320336759,1.6,1.2000000000000002,5,1,1,0.0,0.3535533905932738,1.4142135623730951,2.1213203435596424,2.5495097567963922,0.813733471206735,0.8574929257125441,0.996815278536125,0.999203819634031,0.9999999999999998
1.0833333333333333,1.16963907063485,2.5,1.118033988749895,1.4166666666666667,1.1696390706348498,6,1,2,0.0,1.4142135623730951,2.5,3.024754878398196,3.905124837953327,0.7525766947068778,0.9221943818285309,0.9486832980505138,0.9801570388145249,1.0
0.5,0.9128709291752769,1.8333333333333333,1.5723301886761007,1.3333333333333333,1.247219128924647,6,4,2,0.0,1.118033988749895,2.5495097567963922,3.5,4.301162633521313,0.847998304005088,0.8983408010278009,0.9486832980505138,1.0,1.0
0.5,0.7071067811865476,2.6666666666666665,1.5456030825826172,2.1666666666666665,1.4337208778404378,3,2,1,1.5811388300841898,2.4676203981669373,3.3541019662496847,3.4270509831248424,3.5,0.9191450300180578,0.9191450300180578,0.9191450300180578,0.9595725150090288,1.0
0.25,0.25,3.25,0.75,3.0,1.0,2,1,1,1.5811388300841898,1.5811388300841898,1.5811388300841898,1.5811388300841898,1.5811388300841898,0.9805806756909202,0.9805806756909202,0.9805806756909202,0.9805806756909202,0.9805806756909202
0.0,0.0,2.75,1.25,2.75,1.25,2,2,1,2.5,2.5,2.5,2.5,2.5,1.0,1.0,1.0,1.0,1.0
0.0,0.0,2.25,1.75,2.25,1.75,2,2,1,3.5,3.5,3.5,3.5,3.5,1.0,1.0,1.0,1.0,1.0
1.75,1.75,4.0,0.0,2.25,1.75,2,1,2,3.5,3.5,3.5,3.5,3.5,0.7525766947068778,0.7525766947068778,0.7525766947068778,0.7525766947068778,0.7525766947068778
1.25,1.25,4.0,0.0,2.75,1.25,2,1,2,2.5,2.5,2.5,2.5,2.5,0.847998304005088,0.847998304005088,0.847998304005088,0.847998304005088,0.847998304005088
0.75,0.75,4.0,0.0,3.25,0.75,2,1,2,1.5,1.5,1.5,1.5,1.5,0.9363291775690445,0.9363291775690445,0.9363291775690445,0.9363291775690445,0.9363291775690445
0.25,0.25,4.0,0.0,3.75,0.25,2,1,2,0.5,0.5,0.5,0.5,0.5,0.9922778767136677,0.9922778767136677,0.9922778767136677,0.9922778767136677,0.9922778767136677
1.1666666666666667,1.6499158227686108,4.0,0.0,2.8333333333333335,1.649915822768611,3,2,3,0.0,1.75,3.5,3.5,3.5,0.7525766947068778,0.7525766947068778,0.7525766947068778,0.8762883473534389,1.0
1.9,1.5937377450509227,3.9,0.19999999999999998,2.0,1.6431676725154984,5,2,4,0.0,1.118033988749895,2.5495097567963922,3.5,3.5,0.7525766947068778,0.7525766947068778,0.813733471206735,0.9951448749663183,1.0
1.3,1.1224972160321824,3.5,0.5477225575051661,2.2,1.469693845669907,5,2,2,0.0,1.4142135623730951,2.1213203435596424,2.5495097567963922,2.5495097567963922,0.813733471206735,0.813733471206735,0.8574929257125441,0.996815278536125,1.0
1.1666666666666667,1.2133516482134197,3.0833333333333335,0.9753916592266354,1.9166666666666667,1.4837078178970713,6,2,3,0.0,1.7677669529663689,2.1213203435596424,2.5495097567963922,3.905124837953327,0.7525766947068778,0.8574929257125441,0.9486832980505138,0.9801570388145249,1.0
0.5833333333333334,0.8858454843945541,2.5,1.3844373104863459,1.9166666666666667,1.4837078178970713,6,3,2,0.0,1.8337718727731436,2.5495097567963922,2.8284271247461903,3.905124837953327,0.813733471206735,0.9486832980505138,0.9486832980505138,0.977889504360975,1.0
0.3,0.6000000000000001,2.3,1.5684387141358123,2.0,1.6431676725154984,5,4,2,0.0,2.1213203435596424,2.5,3.5,3.5,0.8574929257125441,0.8574929257125441,1.0,1.0,1.0
0.16666666666666666,0.23570226039551584,3.1666666666666665,1.178511301977579,3.0,1.4142135623730951,3,2,2,0.0,1.2747548783981961,2.5495097567963922,2.5495097567963922,2.5495097567963922,0.9486832980505138,0.9486832980505138,0.9486832980505138,0.9743416490252569,1.0
1.75,1.75,3.4166666666666665,1.3043729868748775,1.6666666666666667,1.6499158227686108,6,3,5,0.0,1.75,3.5,3.5,4.949747468305833,0.7525766947068778,0.7525766947068778,0.7525766947068778,0.9999999999999999,1.0
1.5,1.224744871391589,3.6,0.19999999999999998,2.1,1.3564659966250538,5,2,1,0.0,0.125,2.5,2.537132317597294,2.5495097567963922,0.813733471206735,0.813733471206735,0.813733471206735,1.0,1.0
1.3333333333333333,1.1785113019775795,3.0,0.7071067811865476,1.6666666666666667,1.2133516482134197,6,2,2,0.0,1.5,2.1213203435596424,2.5,3.8078865529319543,0.7525766947068778,0.8574929257125441,0.8574929257125441,0.9920635087225484,1.0
0.6666666666666666,0.8498365855987975,2.3333333333333335,1.178511301977579,1.6666666666666667,1.0671873729054746,6,2,2,0.0,0.5,2.5,2.8755359377564083,3.5355339059327378,0.847998304005088,0.9486832980505138,0.9486832980505138,0.9860411042866435,1.0
0.25,0.5590169943749475,1.6666666666666667,1.6499158227686108,1.4166666666666667,1.366768288904727,6,5,2,0.0,0.0,3.5,3.653943276465977,3.8078865529319543,0.9363291775690445,0.9363291775690445,1.0,1.0,1.0
0.25,0.25,4.0,0.0,3.75,0.25,2,1,2,0.5,0.5,0.5,0.5,0.5,0.9922778767136677,0.9922778767136677,0.9922778767136677,0.9922778767136677,0.9922778767136677
0.0,0.0,3.75,0.25,3.75,0.25,2,2,1,0.5,0.5,0.5,0.5,0.5,1.0,1.0,1.0,1.0,1.0
0.0,0.0,3.25,0.75,3.25,0.75,2,2,1,1.5,1.5,1.5,1.5,1.5,1.0,1.0,1.0,1.0,1.0
0.0,0.0,2.75,1.25,2.75,1.25,2,2,1,2.5,2.5,2.5,2.5,2.5,1.0,1.0,1.0,1.0,1.0
2.1,1.7146428199482247,3.3,1.4000000000000001,1.2,1.4,5,2,4,0.0,0.875,3.5,4.587310601229374,4.949747468305833,0.7525766947068778,0.7525766947068778,0.7525766947068778,0.9999999999999999,1.0
2.2,1.16619037896906,3.7,0.24494897427831783,1.5,1.2649110640673518,5,1,2,0.0,0.2795084971874737,1.118033988749895,2.5495097567963922,3.5,0.7525766947068778,0.813733471206735,0.9951448749663183,0.9987862187415796,1.0
1.4,0.8,3.1,0.7348469228349535,1.7,1.16619037896906,5,1,2,0.0,0.45069390943299864,1.8027756377319946,2.1213203435596424,2.5,0.847998304005088,0.8574929257125441,0.9998347517133227,0.9999586879283304,0.9999999999999998
1.0833333333333333,1.16963907063485,2.75,1.25,1.6666666666666667,1.2133516482134197,6,1,3,0.0,1.75,2.5495097567963922,3.096291201783626,3.905124837953327,0.7525766947068778,0.92903515182883,0.9486832980505138,0.9993148337667671,1.0
